,dist,prob
0,700.0,0.0
1,700.6503251625813,0.0
2,701.3006503251626,0.0
3,701.9509754877439,0.0
4,702.6013006503251,0.0
5,703.2516258129065,0.0
6,703.9019509754877,0.0
7,704.552276138069,0.0
8,705.2026013006504,0.0
9,705.8529264632316,0.0
10,706.5032516258129,0.0
11,707.1535767883942,0.0
12,707.8039019509755,0.0
13,708.4542271135567,0.0
14,709.1045522761381,0.0
15,709.7548774387194,0.0
16,710.4052026013006,0.0
17,711.055527763882,0.0
18,711.7058529264632,0.0
19,712.3561780890445,0.0
20,713.0065032516258,0.0
21,713.6568284142071,0.0
22,714.3071535767884,0.0
23,714.9574787393697,0.0
24,715.607803901951,0.0
25,716.2581290645322,0.0
26,716.9084542271136,0.0
27,717.5587793896948,0.0
28,718.2091045522761,0.0
29,718.8594297148575,0.0
30,719.5097548774387,0.0
31,720.16008004002,0.0
32,720.8104052026013,0.0
33,721.4607303651826,0.0
34,722.1110555277639,0.0
35,722.7613806903452,0.0
36,723.4117058529265,0.0
37,724.0620310155077,0.0
38,724.7123561780891,0.0
39,725.3626813406703,0.0
40,726.0130065032516,0.0
41,726.663331665833,0.0
42,727.3136568284142,0.0
43,727.9639819909955,0.0
44,728.6143071535768,0.0
45,729.2646323161581,0.0
46,729.9149574787393,0.0
47,730.5652826413207,0.0
48,731.215607803902,0.0
49,731.8659329664832,0.0
50,732.5162581290646,0.0
51,733.1665832916458,0.0
52,733.8169084542271,0.0
53,734.4672336168084,0.0
54,735.1175587793897,0.0
55,735.767883941971,0.0
56,736.4182091045523,0.0
57,737.0685342671336,0.0
58,737.7188594297148,0.0
59,738.3691845922962,0.0
60,739.0195097548774,0.0
61,739.6698349174587,0.0
62,740.3201600800401,0.0
63,740.9704852426213,0.0
64,741.6208104052026,0.0
65,742.2711355677839,0.0
66,742.9214607303652,0.0
67,743.5717858929465,0.0
68,744.2221110555278,0.0
69,744.8724362181091,0.0
70,745.5227613806903,0.0
71,746.1730865432717,0.0
72,746.8234117058529,0.0
73,747.4737368684342,0.0
74,748.1240620310155,0.0
75,748.7743871935968,0.0
76,749.4247123561781,0.0
77,750.0750375187594,0.0
78,750.7253626813407,0.0
79,751.3756878439219,0.0
80,752.0260130065033,0.0
81,752.6763381690846,0.0
82,753.3266633316658,0.0
83,753.9769884942472,0.0
84,754.6273136568284,0.0
85,755.2776388194097,0.0
86,755.927963981991,0.0
87,756.5782891445723,0.0
88,757.2286143071535,0.0
89,757.8789394697349,0.0
90,758.5292646323162,0.0
91,759.1795897948974,0.0
92,759.8299149574788,0.0
93,760.48024012006,0.0
94,761.1305652826413,0.0
95,761.7808904452227,0.0
96,762.4312156078039,0.0
97,763.0815407703852,0.0
98,763.7318659329665,0.0
99,764.3821910955478,0.0
100,765.032516258129,0.0
101,765.6828414207104,0.0
102,766.3331665832917,0.0
103,766.9834917458729,0.0
104,767.6338169084543,0.0
105,768.2841420710355,0.0
106,768.9344672336168,0.0
107,769.584792396198,0.0
108,770.2351175587794,0.0
109,770.8854427213607,0.0
110,771.535767883942,0.0
111,772.1860930465233,0.0
112,772.8364182091045,0.0
113,773.4867433716859,0.0
114,774.1370685342672,0.0
115,774.7873936968484,0.0
116,775.4377188594298,0.0
117,776.088044022011,0.0
118,776.7383691845923,0.0
119,777.3886943471736,0.0
120,778.0390195097549,0.0
121,778.6893446723361,0.0
122,779.3396698349175,0.0
123,779.9899949974988,0.0
124,780.64032016008,0.0
125,781.2906453226614,0.0
126,781.9409704852426,0.0
127,782.5912956478239,0.0
128,783.2416208104053,0.0
129,783.8919459729865,0.0
130,784.5422711355678,0.0
131,785.192596298149,0.0
132,785.8429214607304,0.0
133,786.4932466233116,0.0
134,787.143571785893,0.0
135,787.7938969484742,0.0
136,788.4442221110555,0.0
137,789.0945472736369,0.0
138,789.7448724362181,0.0
139,790.3951975987994,0.0
140,791.0455227613807,0.0
141,791.695847923962,0.0
142,792.3461730865433,0.0
143,792.9964982491246,0.0
144,793.6468234117059,0.0
145,794.2971485742871,0.0
146,794.9474737368685,0.0
147,795.5977988994497,0.0
148,796.248124062031,0.0
149,796.8984492246122,0.0
150,797.5487743871936,0.0
151,798.1990995497749,0.0
152,798.8494247123562,0.0
153,799.4997498749375,0.0
154,800.1500750375187,0.0
155,800.8004002001001,0.0
156,801.4507253626814,0.0
157,802.1010505252626,0.0
158,802.751375687844,0.0
159,803.4017008504252,0.0
160,804.0520260130065,0.0
161,804.7023511755879,0.0
162,805.3526763381691,0.0
163,806.0030015007504,0.0
164,806.6533266633317,0.0
165,807.303651825913,0.0
166,807.9539769884942,0.0
167,808.6043021510756,0.0
168,809.2546273136568,0.0
169,809.9049524762381,0.0
170,810.5552776388195,0.0
171,811.2056028014007,0.0
172,811.855927963982,0.0
173,812.5062531265633,0.0
174,813.1565782891446,0.0
175,813.8069034517259,0.0
176,814.4572286143072,0.0
177,815.1075537768885,0.0
178,815.7578789394697,0.0
179,816.4082041020511,0.0
180,817.0585292646323,0.0
181,817.7088544272136,0.0
182,818.3591795897948,0.0
183,819.0095047523762,0.0
184,819.6598299149575,0.0
185,820.3101550775388,0.0
186,820.9604802401201,0.0
187,821.6108054027013,0.0
188,822.2611305652827,0.0
189,822.911455727864,0.0
190,823.5617808904452,0.0
191,824.2121060530266,0.0
192,824.8624312156078,0.0
193,825.5127563781891,0.0
194,826.1630815407703,0.0
195,826.8134067033517,0.0
196,827.4637318659329,0.0
197,828.1140570285143,0.0
198,828.7643821910956,0.0
199,829.4147073536768,0.0
200,830.0650325162582,0.0
201,830.7153576788394,0.0
202,831.3656828414207,0.0
203,832.0160080040021,0.0
204,832.6663331665833,0.0
205,833.3166583291646,0.0
206,833.9669834917459,0.0
207,834.6173086543272,0.0
208,835.2676338169085,0.0
209,835.9179589794898,0.0
210,836.568284142071,0.0
211,837.2186093046523,0.0
212,837.8689344672337,0.0
213,838.5192596298149,0.0
214,839.1695847923962,0.0
215,839.8199099549774,0.0
216,840.4702351175588,0.0
217,841.1205602801401,0.0
218,841.7708854427214,0.0
219,842.4212106053027,0.0
220,843.0715357678839,0.0
221,843.7218609304653,0.0
222,844.3721860930466,0.0
223,845.0225112556278,0.0
224,845.672836418209,0.0
225,846.3231615807904,0.0
226,846.9734867433717,0.0
227,847.623811905953,0.0
228,848.2741370685343,0.0
229,848.9244622311155,0.0
230,849.5747873936969,0.0
231,850.2251125562782,0.0
232,850.8754377188594,0.0
233,851.5257628814408,0.0
234,852.176088044022,0.0
235,852.8264132066033,0.0
236,853.4767383691847,0.0
237,854.1270635317659,0.0
238,854.7773886943472,0.0
239,855.4277138569284,0.0
240,856.0780390195098,0.0
241,856.7283641820911,0.0
242,857.3786893446724,0.0
243,858.0290145072536,0.0
244,858.6793396698349,0.0
245,859.3296648324163,0.0
246,859.9799899949975,0.0
247,860.6303151575788,0.0
248,861.28064032016,0.0
249,861.9309654827414,0.0
250,862.5812906453227,0.0
251,863.231615807904,0.0
252,863.8819409704853,0.0
253,864.5322661330665,0.0
254,865.1825912956479,0.0
255,865.8329164582292,0.0
256,866.4832416208104,0.0
257,867.1335667833916,0.0
258,867.783891945973,0.0
259,868.4342171085543,0.0
260,869.0845422711355,0.0
261,869.7348674337169,0.0
262,870.3851925962981,0.0
263,871.0355177588795,0.0
264,871.6858429214608,0.0
265,872.336168084042,0.0
266,872.9864932466234,0.0
267,873.6368184092046,0.0
268,874.2871435717859,0.0
269,874.9374687343673,0.0
270,875.5877938969485,0.0
271,876.2381190595297,0.0
272,876.888444222111,0.0
273,877.5387693846924,0.0
274,878.1890945472736,0.0
275,878.839419709855,0.0
276,879.4897448724362,0.0
277,880.1400700350175,0.0
278,880.7903951975989,0.0
279,881.4407203601801,0.0
280,882.0910455227614,0.0
281,882.7413706853426,0.0
282,883.391695847924,0.0
283,884.0420210105053,0.0
284,884.6923461730865,0.0
285,885.3426713356679,0.0
286,885.9929964982491,0.0
287,886.6433216608305,0.0
288,887.2936468234118,0.0
289,887.943971985993,0.0
290,888.5942971485742,0.0
291,889.2446223111556,0.0
292,889.8949474737369,0.0
293,890.5452726363181,0.0
294,891.1955977988995,0.0
295,891.8459229614807,0.0
296,892.496248124062,0.0
297,893.1465732866434,0.0
298,893.7968984492246,0.0
299,894.447223611806,0.0
300,895.0975487743872,0.0
301,895.7478739369685,0.0
302,896.3981990995499,0.0
303,897.0485242621311,0.0
304,897.6988494247123,0.0
305,898.3491745872936,0.0
306,898.999499749875,0.0
307,899.6498249124562,0.0
308,900.3001500750375,0.0
309,900.9504752376188,0.0
310,901.6008004002001,0.0
311,902.2511255627815,0.0
312,902.9014507253627,0.0
313,903.551775887944,0.0
314,904.2021010505252,0.0
315,904.8524262131066,0.0
316,905.5027513756879,0.0
317,906.1530765382691,0.0
318,906.8034017008504,0.0
319,907.4537268634317,0.0
320,908.104052026013,0.0
321,908.7543771885943,0.0
322,909.4047023511756,0.0
323,910.0550275137568,0.0
324,910.7053526763382,0.0
325,911.3556778389195,0.0
326,912.0060030015007,0.0
327,912.6563281640821,0.0
328,913.3066533266633,0.0
329,913.9569784892446,0.0
330,914.607303651826,0.0
331,915.2576288144072,0.0
332,915.9079539769886,0.0
333,916.5582791395698,0.0
334,917.2086043021511,0.0
335,917.8589294647323,0.0
336,918.5092546273137,0.0
337,919.1595797898949,0.0
338,919.8099049524762,0.0
339,920.4602301150576,0.0
340,921.1105552776388,0.0
341,921.7608804402201,0.0
342,922.4112056028014,0.0
343,923.0615307653827,0.0
344,923.711855927964,0.0
345,924.3621810905453,0.0
346,925.0125062531266,0.0
347,925.6628314157078,0.0
348,926.3131565782892,0.0
349,926.9634817408705,0.0
350,927.6138069034517,0.0
351,928.264132066033,0.0
352,928.9144572286143,0.0
353,929.5647823911956,0.0
354,930.2151075537769,0.0
355,930.8654327163582,0.0
356,931.5157578789394,0.0
357,932.1660830415208,0.0
358,932.8164082041021,0.0
359,933.4667333666833,0.0
360,934.1170585292647,0.0
361,934.7673836918459,0.0
362,935.4177088544272,0.0
363,936.0680340170086,0.0
364,936.7183591795898,0.0
365,937.368684342171,0.0
366,938.0190095047524,0.0
367,938.6693346673337,0.0
368,939.3196598299149,0.0
369,939.9699849924963,0.0
370,940.6203101550775,0.0
371,941.2706353176588,0.0
372,941.9209604802402,0.0
373,942.5712856428214,0.0
374,943.2216108054027,0.0
375,943.871935967984,0.0
376,944.5222611305653,0.0
377,945.1725862931467,0.0
378,945.8229114557279,0.0
379,946.4732366183092,0.0
380,947.1235617808904,0.0
381,947.7738869434718,0.0
382,948.424212106053,0.0
383,949.0745372686343,0.0
384,949.7248624312156,0.0
385,950.3751875937969,0.0
386,951.0255127563782,0.0
387,951.6758379189595,0.0
388,952.3261630815408,0.0
389,952.976488244122,0.0
390,953.6268134067034,0.0
391,954.2771385692847,0.0
392,954.9274637318659,0.0
393,955.5777888944473,0.0
394,956.2281140570285,0.0
395,956.8784392196098,0.0
396,957.5287643821912,0.0
397,958.1790895447724,0.0
398,958.8294147073536,0.0
399,959.479739869935,0.0
400,960.1300650325163,0.0
401,960.7803901950977,0.0
402,961.4307153576789,0.0
403,962.0810405202601,0.0
404,962.7313656828414,0.0
405,963.3816908454228,0.0
406,964.032016008004,0.0
407,964.6823411705852,0.0
408,965.3326663331666,0.0
409,965.9829914957479,0.0
410,966.6333166583292,0.0
411,967.2836418209105,0.0
412,967.9339669834917,0.0
413,968.584292146073,0.0
414,969.2346173086544,0.0
415,969.8849424712357,0.0
416,970.5352676338169,0.0
417,971.1855927963982,0.0
418,971.8359179589795,0.0
419,972.4862431215608,0.0
420,973.1365682841421,0.0
421,973.7868934467233,0.0
422,974.4372186093046,0.0
423,975.087543771886,0.0
424,975.7378689344673,0.0
425,976.3881940970485,0.0
426,977.0385192596298,0.0
427,977.6888444222111,0.0
428,978.3391695847924,0.0
429,978.9894947473738,0.0
430,979.639819909955,0.0
431,980.2901450725362,0.0
432,980.9404702351176,0.0
433,981.5907953976989,0.0
434,982.2411205602801,0.0
435,982.8914457228615,0.0
436,983.5417708854427,0.0
437,984.192096048024,0.0
438,984.8424212106054,0.0
439,985.4927463731866,0.0
440,986.1430715357678,0.0
441,986.7933966983492,0.0
442,987.4437218609305,0.0
443,988.0940470235118,0.0
444,988.7443721860931,0.0
445,989.3946973486743,0.0
446,990.0450225112556,0.0
447,990.695347673837,0.0
448,991.3456728364182,0.0
449,991.9959979989995,0.0
450,992.6463231615808,0.0
451,993.2966483241621,0.0
452,993.9469734867434,0.0
453,994.5972986493247,0.0
454,995.2476238119059,0.0
455,995.8979489744872,0.0
456,996.5482741370686,0.0
457,997.1985992996499,0.0
458,997.8489244622311,0.0
459,998.4992496248124,0.0
460,999.1495747873937,0.0
461,999.799899949975,0.0
462,1000.4502251125564,0.0
463,1001.1005502751376,0.0
464,1001.7508754377188,0.0
465,1002.4012006003002,0.0
466,1003.0515257628815,0.0
467,1003.7018509254627,0.0
468,1004.352176088044,0.0
469,1005.0025012506253,0.0
470,1005.6528264132066,0.0
471,1006.303151575788,0.0
472,1006.9534767383692,0.0
473,1007.6038019009504,0.0
474,1008.2541270635318,0.0
475,1008.9044522261131,0.0
476,1009.5547773886944,0.0
477,1010.2051025512757,0.0
478,1010.8554277138569,0.0
479,1011.5057528764382,0.0
480,1012.1560780390196,0.0
481,1012.8064032016008,0.0
482,1013.4567283641821,0.0
483,1014.1070535267634,0.0
484,1014.7573786893447,0.0
485,1015.407703851926,0.0
486,1016.0580290145073,0.0
487,1016.7083541770885,0.0
488,1017.3586793396698,0.0
489,1018.0090045022512,0.0
490,1018.6593296648325,0.0
491,1019.3096548274137,0.0
492,1019.959979989995,0.0
493,1020.6103051525763,0.0
494,1021.2606303151576,0.0
495,1021.9109554777389,0.0
496,1022.5612806403202,0.0
497,1023.2116058029014,0.0
498,1023.8619309654828,0.0
499,1024.512256128064,0.0
500,1025.1625812906454,0.0
501,1025.8129064532266,0.0
502,1026.463231615808,0.0
503,1027.1135567783892,0.0
504,1027.7638819409706,0.0
505,1028.4142071035517,0.0
506,1029.064532266133,0.0
507,1029.7148574287144,0.0
508,1030.3651825912957,0.0
509,1031.015507753877,0.0
510,1031.6658329164584,0.0
511,1032.3161580790395,0.0
512,1032.9664832416208,0.0
513,1033.6168084042022,0.0
514,1034.2671335667833,0.0
515,1034.9174587293646,0.0
516,1035.567783891946,0.0
517,1036.2181090545273,0.0
518,1036.8684342171086,0.0
519,1037.51875937969,0.0
520,1038.169084542271,0.0
521,1038.8194097048524,0.0
522,1039.4697348674338,0.0
523,1040.120060030015,0.0
524,1040.7703851925962,0.0
525,1041.4207103551776,0.0
526,1042.071035517759,0.0
527,1042.7213606803402,0.0
528,1043.3716858429216,0.0
529,1044.022011005503,0.0
530,1044.672336168084,0.0
531,1045.3226613306654,0.0
532,1045.9729864932467,0.0
533,1046.6233116558278,0.0
534,1047.2736368184092,0.0
535,1047.9239619809905,0.0
536,1048.5742871435718,0.0
537,1049.2246123061532,0.0
538,1049.8749374687345,0.0
539,1050.5252626313156,0.0
540,1051.175587793897,0.0
541,1051.8259129564783,0.0
542,1052.4762381190594,0.0
543,1053.1265632816408,0.0
544,1053.776888444222,0.0
545,1054.4272136068034,0.0
546,1055.0775387693848,0.0
547,1055.727863931966,0.0
548,1056.3781890945472,0.0
549,1057.0285142571286,2.03e-322
550,1057.67883941971,1.04577143e-315
551,1058.3291645822912,3.870603886605483e-309
552,1058.9794897448724,1.0115287292610588e-302
553,1059.6298149074537,1.861835029581367e-296
554,1060.280140070035,2.412183332099785e-290
555,1060.9304652326164,2.2014165977169022e-284
556,1061.5807903951977,1.4174961395359897e-278
557,1062.231115557779,6.4543905505653184e-273
558,1062.8814407203602,2.0842072787635374e-267
559,1063.5317658829415,4.789835250346217e-262
560,1064.1820910455228,7.869857062965289e-257
561,1064.832416208104,9.299951999553545e-252
562,1065.4827413706853,7.967863232309537e-247
563,1066.1330665332666,5.002644501048575e-242
564,1066.783391695848,2.335061873566616e-237
565,1067.4337168584293,8.274834881835099e-233
566,1068.0840420210106,2.319038903396854e-228
567,1068.7343671835918,5.748275781606656e-224
568,1069.384692346173,1.640592622083549e-219
569,1070.0350175087544,6.498441836493516e-215
570,1070.6853426713358,2.889122044998699e-210
571,1071.335667833917,1.1448402760332177e-205
572,1071.9859929964982,3.7094220928469424e-201
573,1072.6363181590796,9.537056062262854e-197
574,1073.286643321661,1.9115274994788768e-192
575,1073.9369684842422,2.9425920287472986e-188
576,1074.5872936468236,3.434941516064059e-184
577,1075.2376188094047,3.0101073861075333e-180
578,1075.887943971986,1.966126860297721e-176
579,1076.5382691345674,9.531959062783031e-173
580,1077.1885942971485,3.428765892195175e-169
581,1077.8389194597298,9.216724614204654e-166
582,1078.4892446223112,1.8971099788810258e-162
583,1079.1395697848925,3.171433188964402e-159
584,1079.7898949474738,4.737571081822351e-156
585,1080.4402201100552,6.749593435147447e-153
586,1081.0905452726363,8.800637218566382e-150
587,1081.7408704352176,9.588373137631353e-147
588,1082.391195597799,8.224063341670025e-144
589,1083.04152076038,5.44344425325957e-141
590,1083.6918459229614,2.7886548748606804e-138
591,1084.3421710855428,1.122035387593603e-135
592,1084.992496248124,3.620063271616082e-133
593,1085.6428214107054,9.588595420319246e-131
594,1086.2931465732868,2.1393784602237936e-128
595,1086.943471735868,4.158198910009403e-126
596,1087.5937968984492,7.4346896418088636e-124
597,1088.2441220610306,1.3199159365247117e-121
598,1088.894447223612,2.4469784503949527e-119
599,1089.544772386193,4.589144520266484e-117
600,1090.1950975487744,8.038819145305917e-115
601,1090.8454227113557,1.2331887267755248e-112
602,1091.495747873937,1.599199124280111e-110
603,1092.1460730365184,1.721778802262158e-108
604,1092.7963981990997,1.5223152955331412e-106
605,1093.4467233616808,1.0966465332738644e-104
606,1094.0970485242622,6.406491899397864e-103
607,1094.7473736868435,3.0357642966098694e-101
608,1095.3976988494246,1.17457460623583e-99
609,1096.048024012006,3.7580431122087314e-98
610,1096.6983491745873,1.0104491080085155e-96
611,1097.3486743371686,2.318929089082744e-95
612,1097.99899949975,4.597279021405775e-94
613,1098.6493246623313,7.944106905833656e-93
614,1099.2996498249124,1.2070988842781341e-91
615,1099.9499749874938,1.6291402831317775e-90
616,1100.600300150075,1.96970033669192e-89
617,1101.2506253126564,2.1380357190703755e-88
618,1101.9009504752376,2.070614006617565e-87
619,1102.551275637819,1.7684087074652677e-86
620,1103.2016008004002,1.3165750504714528e-85
621,1103.8519259629816,8.486073058963689e-85
622,1104.502251125563,4.733332217113128e-84
623,1105.152576288144,2.295561178308992e-83
624,1105.8029014507254,9.752300922886858e-83
625,1106.4532266133067,3.6623641055184843e-82
626,1107.103551775888,1.2310549712430355e-81
627,1107.7538769384691,3.7735400469559147e-81
628,1108.4042021010505,1.081325777713644e-80
629,1109.0545272636318,2.975779968250226e-80
630,1109.7048524262132,8.051145342249397e-80
631,1110.3551775887945,2.1771188777203098e-79
632,1111.0055027513758,5.937278952805788e-79
633,1111.655827913957,1.6379793957841809e-78
634,1112.3061530765383,4.582403027683136e-78
635,1112.9564782391196,1.3158361060546513e-77
636,1113.6068034017007,3.986975365260106e-77
637,1114.257128564282,1.3066135887114806e-76
638,1114.9074537268634,4.581528993849016e-76
639,1115.5577788894448,1.648148563508834e-75
640,1116.208104052026,5.869282804258568e-75
641,1116.8584292146074,2.0488204758842557e-74
642,1117.5087543771886,7.070069500256244e-74
643,1118.15907953977,2.430765913091761e-73
644,1118.8094047023512,8.263759943675032e-73
645,1119.4597298649326,2.715707910149112e-72
646,1120.1100550275137,8.402972466503703e-72
647,1120.760380190095,2.399812857996425e-71
648,1121.4107053526764,6.261384645662645e-71
649,1122.0610305152577,1.4897030481893576e-70
650,1122.711355677839,3.24286816736445e-70
651,1123.3616808404204,6.491349172115876e-70
652,1124.0120060030015,1.1988387058058627e-69
653,1124.6623311655828,2.0416874832898077e-69
654,1125.3126563281642,3.192466147681392e-69
655,1125.9629814907453,4.556362388595964e-69
656,1126.6133066533266,5.914935487544538e-69
657,1127.263631815908,7.00298913354612e-69
658,1127.9139569784893,7.641642450636943e-69
659,1128.5642821410706,7.817782662431314e-69
660,1129.214607303652,7.666806538042116e-69
661,1129.864932466233,7.444788779358174e-69
662,1130.5152576288144,7.573731502052948e-69
663,1131.1655827913958,8.755493931718345e-69
664,1131.815907953977,1.2159928168645482e-68
665,1132.4662331165582,1.978674064105909e-68
666,1133.1165582791396,3.5160863817101412e-68
667,1133.766883441721,6.456261425216377e-68
668,1134.4172086043022,1.1913231801944488e-67
669,1135.0675337668836,2.1855221131112864e-67
670,1135.7178589294647,3.977773154038036e-67
671,1136.368184092046,7.198336774607651e-67
672,1137.0185092546274,1.300909862633587e-66
673,1137.6688344172087,2.3607651990778412e-66
674,1138.3191595797898,4.3253998484052424e-66
675,1138.9694847423712,8.036092129403361e-66
676,1139.6198099049525,1.5171242390928884e-65
677,1140.2701350675338,2.9091686975934893e-65
678,1140.9204602301152,5.65401788065524e-65
679,1141.5707853926965,1.1111500229961378e-64
680,1142.2211105552776,2.2054127145986594e-64
681,1142.871435717859,4.421776946765227e-64
682,1143.5217608804403,8.9617106572546e-64
683,1144.1720860430214,1.8351494481317084e-63
684,1144.8224112056027,3.785606402986767e-63
685,1145.472736368184,7.820152211102468e-63
686,1146.1230615307654,1.6048953148403375e-62
687,1146.7733866933468,3.2448115790467457e-62
688,1147.423711855928,6.417414079539471e-62
689,1148.0740370185092,1.2355914278900938e-61
690,1148.7243621810906,2.3104789970749953e-61
691,1149.374687343672,4.194314736398328e-61
692,1150.0250125062532,7.39991273497466e-61
693,1150.6753376688343,1.2721145869223503e-60
694,1151.3256628314157,2.140655098329512e-60
695,1151.975987993997,3.551378401325178e-60
696,1152.6263131565784,5.866221272063058e-60
697,1153.2766383191597,9.759018994236445e-60
698,1153.926963481741,1.6520975769829572e-59
699,1154.5772886443222,2.862430341488862e-59
700,1155.2276138069035,5.069685880060097e-59
701,1155.8779389694848,9.108877254853978e-59
702,1156.528264132066,1.6418018866140603e-58
703,1157.1785892946473,2.9344118431384417e-58
704,1157.8289144572286,5.1500755959850464e-58
705,1158.47923961981,8.812369244120715e-58
706,1159.1295647823913,1.4634368686301876e-57
707,1159.7798899449726,2.3528207077978175e-57
708,1160.4302151075537,3.6590611329838156e-57
709,1161.080540270135,5.507173431248792e-57
710,1161.7308654327164,8.036121448645925e-57
711,1162.3811905952978,1.1405340220798414e-56
712,1163.0315157578789,1.58161073414885e-56
713,1163.6818409204602,2.1552758169690376e-56
714,1164.3321660830416,2.9046574877497147e-56
715,1164.982491245623,3.896546354645531e-56
716,1165.6328164082042,5.233472068063201e-56
717,1166.2831415707853,7.0695560973681015e-56
718,1166.9334667333667,9.630698808529533e-56
719,1167.583791895948,1.3239313503070914e-55
720,1168.2341170585294,1.8343357628180183e-55
721,1168.8844422211105,2.5549142123367793e-55
722,1169.5347673836918,3.565786134592012e-55
723,1170.1850925462732,4.9707769585872446e-55
724,1170.8354177088545,6.902922897278349e-55
725,1171.4857428714358,9.533257491957894e-55
726,1172.1360680340172,1.3087446981384728e-54
727,1172.7863931965983,1.7878877379786757e-54
728,1173.4367183591796,2.437151901190723e-54
729,1174.087043521761,3.3290111850929215e-54
730,1174.737368684342,4.5798903505871945e-54
731,1175.3876938469234,6.377474994762408e-54
732,1176.0380190095048,9.020533744952339e-54
733,1176.688344172086,1.2974108512054963e-53
734,1177.3386693346674,1.8940515128871548e-53
735,1177.9889944972488,2.794088937168623e-53
736,1178.6393196598299,4.1394659075466e-53
737,1179.2896448224112,6.118203524445181e-53
738,1179.9399699849926,8.968786605630934e-53
739,1180.590295147574,1.2985996587883788e-52
740,1181.240620310155,1.85361681537917e-52
741,1181.8909454727363,2.609311383768351e-52
742,1182.5412706353177,3.6305366924412476e-52
743,1183.191595797899,5.0100518869084515e-52
744,1183.8419209604804,6.882442347680065e-52
745,1184.4922461230617,9.440214399154644e-52
746,1185.1425712856428,1.2949268312696025e-51
747,1185.7928964482242,1.775932111852937e-51
748,1186.4432216108055,2.4304357510076978e-51
749,1187.0935467733866,3.3091096028861596e-51
750,1187.743871935968,4.4681108424280043e-51
751,1188.3941970985493,5.96817834938835e-51
752,1189.0445222611306,7.876467310969441e-51
753,1189.694847423712,1.0271879232094054e-50
754,1190.3451725862933,1.3252290028772437e-50
755,1190.9954977488744,1.6940035784159803e-50
756,1191.6458229114558,2.148224355784456e-50
757,1192.296148074037,2.7045727263592007e-50
758,1192.9464732366184,3.3810853423989893e-50
759,1193.5967983991995,4.197262401233078e-50
760,1194.2471235617809,5.175807219943415e-50
761,1194.8974487243622,6.346572641489536e-50
762,1195.5477738869436,7.752574025722785e-50
763,1196.198099049525,9.457068066033012e-50
764,1196.848424212106,1.155002088197373e-49
765,1197.4987493746873,1.4151986061201299e-49
766,1198.1490745372687,1.7413476742452857e-49
767,1198.79939969985,2.1508431607458304e-49
768,1199.4497248624311,2.6621751973799385e-49
769,1200.1000500250125,3.293337214591751e-49
770,1200.7503751875938,4.060384038456997e-49
771,1201.4007003501752,4.976620960359935e-49
772,1202.0510255127565,6.052423173240821e-49
773,1202.7013506753378,7.295028651373059e-49
774,1203.351675837919,8.707578892353799e-49
775,1204.0020010005003,1.0287696095563702e-48
776,1204.6523261630816,1.2027399312145543e-48
777,1205.3026513256627,1.3916747605921757e-48
778,1205.952976488244,1.5952294342395438e-48
779,1206.6033016508254,1.8148849070745922e-48
780,1207.2536268134068,2.055102385151007e-48
781,1207.903951975988,2.3241137455929617e-48
782,1208.5542771385694,2.6342136624214597e-48
783,1209.2046023011505,3.001651664973082e-48
784,1209.8549274637319,3.4462825462739865e-48
785,1210.5052526263132,3.9909661149190385e-48
786,1211.1555777888946,4.660457621655196e-48
787,1211.8059029514757,5.479471995189864e-48
788,1212.456228114057,6.469977101615701e-48
789,1213.1065532766384,7.648563659145292e-48
790,1213.7568784392197,9.025490447739532e-48
791,1214.407203601801,1.0606852282370145e-47
792,1215.0575287643824,1.2399652837841497e-47
793,1215.7078539269635,1.441702619690832e-47
794,1216.3581790895448,1.6679477102071155e-47
795,1217.0085042521262,1.9209591023310956e-47
796,1217.6588294147073,2.202162307928268e-47
797,1218.3091545772886,2.511083227161945e-47
798,1218.95947973987,2.8447870961671433e-47
799,1219.6098049024513,3.1981099548585983e-47
800,1220.2601300650326,3.5646477950256445e-47
801,1220.910455227614,3.93823408352702e-47
802,1221.5607803901953,4.3144983754635965e-47
803,1222.2111055527764,4.692018288301549e-47
804,1222.8614307153578,5.072598075087528e-47
805,1223.5117558779389,5.460432328262507e-47
806,1224.1620810405202,5.860363709867065e-47
807,1224.8124062031015,6.275945192671718e-47
808,1225.4627313656829,6.70823331031229e-47
809,1226.1130565282642,7.155890557111634e-47
810,1226.7633816908456,7.616341858518167e-47
811,1227.413706853427,8.086925113062029e-47
812,1228.064032016008,8.564795407594391e-47
813,1228.7143571785894,9.044975011803813e-47
814,1229.3646823411705,9.517065427656022e-47
815,1230.0150075037518,9.962240643573531e-47
816,1230.6653326663331,1.0352736108584632e-46
817,1231.3156578289145,1.0655628095024071e-46
818,1231.9659829914958,1.0840938072008372e-46
819,1232.6163081540772,1.0891505621643037e-46
820,1233.2666333166585,1.0810235064641265e-46
821,1233.9169584792396,1.062086967905819e-46
822,1234.567283641821,1.0361468001531825e-46
823,1235.2176088044023,1.0073397509217006e-46
824,1235.8679339669834,9.790607236942404e-47
825,1236.5182591295647,9.533260045348933e-47
826,1237.168584292146,9.30734623766037e-47
827,1237.8189094547274,9.109224814772428e-47
828,1238.4692346173088,8.932296550312048e-47
829,1239.11955977989,8.77265517588285e-47
830,1239.7698849424714,8.631521930880729e-47
831,1240.4202101050525,8.514022007010486e-47
832,1241.0705352676339,8.425519406229335e-47
833,1241.720860430215,8.36750105840493e-47
834,1242.3711855927963,8.334742972945478e-47
835,1243.0215107553777,8.314669144777496e-47
836,1243.671835917959,8.28896482285919e-47
837,1244.3221610805404,8.236839464431726e-47
838,1244.9724862431217,8.138869013510958e-47
839,1245.622811405703,7.980212151267938e-47
840,1246.2731365682841,7.752377446112853e-47
841,1246.9234617308655,7.453490568780096e-47
842,1247.5737868934466,7.087633931308672e-47
843,1248.224112056028,6.663835707076471e-47
844,1248.8744372186093,6.194821017928404e-47
845,1249.5247623811906,5.695352424425419e-47
846,1250.175087543772,5.180272420605856e-47
847,1250.8254127063533,4.662865323061874e-47
848,1251.4757378689346,4.1542013352939885e-47
849,1252.126063031516,3.663533471731177e-47
850,1252.776388194097,3.1991137648187604e-47
851,1253.4267133566784,2.7686025563800053e-47
852,1254.0770385192595,2.3786724129065485e-47
853,1254.7273636818409,2.0340511003061484e-47
854,1255.3776888444222,1.736622612151535e-47
855,1256.0280140070035,1.4851227277661948e-47
856,1256.678339169585,1.2755857514179302e-47
857,1257.3286643321662,1.102323995135902e-47
858,1257.9789894947476,9.590522937915617e-48
859,1258.6293146573287,8.398167405029309e-48
860,1259.27963981991,7.395463878803655e-48
861,1259.9299649824911,6.542162700812016e-48
862,1260.5802901450725,5.807335967911734e-48
863,1261.2306153076538,5.167111040596187e-48
864,1261.8809404702351,4.602665060529651e-48
865,1262.5312656328165,4.0990942625544726e-48
866,1263.1815907953978,3.644991495695084e-48
867,1263.8319159579792,3.2322274762801723e-48
868,1264.4822411205603,2.855577496083866e-48
869,1265.1325662831416,2.5121491696678607e-48
870,1265.782891445723,2.200730621111424e-48
871,1266.433216608304,1.9211444931413422e-48
872,1267.0835417708854,1.6736183924042327e-48
873,1267.7338669334667,1.4581836652539438e-48
874,1268.384192096048,1.2741604672420627e-48
875,1269.0345172586294,1.119799559603941e-48
876,1269.6848424212108,9.921201646558231e-49
877,1270.335167583792,8.869550535226948e-49
878,1270.9854927463732,7.992151932724754e-49
879,1271.6358179089546,7.233922963848097e-49
880,1272.2861430715357,6.5428087845047914e-49
881,1272.936468234117,5.87797516559897e-49
882,1273.5867933966983,5.216459879306901e-49
883,1274.2371185592797,4.555358782031138e-49
884,1274.887443721861,3.908076008925106e-49
885,1275.5377688844424,3.2960380979801953e-49
886,1276.1880940470237,2.7395867980115058e-49
887,1276.8384192096048,2.2517596983487505e-49
888,1277.4887443721861,1.836518639968704e-49
889,1278.1390695347673,1.4905016681108308e-49
890,1278.7893946973486,1.2061704812932783e-49
891,1279.43971985993,9.74544044018929e-50
892,1280.0900450225113,7.867647989514493e-50
893,1280.7403701850926,6.346722711233889e-50
894,1281.390695347674,5.109481566383764e-50
895,1282.0410205102553,4.0928311407356714e-50
896,1282.6913456728364,3.2466822730616964e-50
897,1283.3416708354177,2.536264022086889e-50
898,1283.991995997999,1.9414201343327456e-50
899,1284.6423211605802,1.4521647374677641e-50
900,1285.2926463231615,1.0622337349023392e-50
901,1285.9429714857429,7.636465848293503e-51
902,1286.5932966483242,5.444343183703109e-51
903,1287.2436218109056,3.895495102672989e-51
904,1287.893946973487,2.833396734887466e-51
905,1288.5442721360682,2.1181518408268172e-51
906,1289.1945972986493,1.6382635561176452e-51
907,1289.8449224612307,1.3118806111597047e-51
908,1290.4952476238118,1.082127974537828e-51
909,1291.1455727863931,9.109139543459221e-52
910,1291.7958979489745,7.736588464140763e-52
911,1292.4462231115558,6.555865382487729e-52
912,1293.0965482741371,5.491647071494744e-52
913,1293.7468734367185,4.519740303057818e-52
914,1294.3971985992998,3.645668895119027e-52
915,1295.047523761881,2.8841883125604466e-52
916,1295.6978489244623,2.244286959396494e-52
917,1296.3481740870436,1.723054600605249e-52
918,1296.9984992496247,1.3074874276240986e-52
919,1297.648824412206,9.80002168084523e-53
920,1298.2991495747874,7.2346555955136285e-53
921,1298.9494747373687,5.237879417159651e-53
922,1299.59979989995,3.702544870629657e-53
923,1300.2501250625314,2.5465397354548767e-53
924,1300.9004502251128,1.701846522619186e-53
925,1301.5507753876939,1.1070164071448915e-53
926,1302.2011005502752,7.047152277112936e-54
927,1302.8514257128563,4.431422531554707e-54
928,1303.5017508754377,2.7875286807992014e-54
929,1304.152076038019,1.779890261004336e-54
930,1304.8024012006003,1.1708637578205062e-54
931,1305.4527263631817,8.037755586662336e-55
932,1306.103051525763,5.806313378022501e-55
933,1306.7533766883444,4.421365442799873e-55
934,1307.4037018509255,3.5304617352327374e-55
935,1308.0540270135068,2.9260068208036513e-55
936,1308.704352176088,2.486632555777915e-55
937,1309.3546773386693,2.142437625873151e-55
938,1310.0050025012506,1.8547076648779256e-55
939,1310.655327663832,1.6038373010567671e-55
940,1311.3056528264133,1.3814326838250237e-55
941,1311.9559779889946,1.1845242897276401e-55
942,1312.606303151576,1.011427763574806e-55
943,1313.256628314157,8.595676131909033e-56
944,1313.9069534767384,7.2532615950077665e-56
945,1314.5572786393197,6.051880178497702e-56
946,1315.2076038019009,4.969641652048435e-56
947,1315.8579289644822,4.001798816171361e-56
948,1316.5082541270635,3.1551859357704702e-56
949,1317.1585792896449,2.4384785548250825e-56
950,1317.8089044522262,1.8543181880805549e-56
951,1318.4592296148076,1.3961862242660526e-56
952,1319.109554777389,1.0495040013603143e-56
953,1319.75987993997,7.948683868371577e-57
954,1320.4102051025513,6.115205031026837e-57
955,1321.0605302651325,4.800604704428235e-57
956,1321.7108554277138,3.8418604663523006e-57
957,1322.3611805902951,3.1154571251322095e-57
958,1323.0115057528765,2.5381606547822274e-57
959,1323.6618309154578,2.061178914863474e-57
960,1324.3121560780392,1.6599826989058893e-57
961,1324.9624812406205,1.3233259348865196e-57
962,1325.6128064032016,1.0447922347605479e-57
963,1326.263131565783,8.182997378380745e-58
964,1326.9134567283643,6.3687677105242906e-58
965,1327.5637818909454,4.930905725127513e-58
966,1328.2141070535267,3.7982460781982775e-58
967,1328.864432216108,2.9082017723009748e-58
968,1329.5147573786894,2.208921627126054e-58
969,1330.1650825412707,1.65914020475724e-58
970,1330.815407703852,1.2269240436683535e-58
971,1331.4657328664334,8.881710538437734e-59
972,1332.1160580290145,6.251438013133313e-59
973,1332.7663831915959,4.2487228669123e-59
974,1333.416708354177,2.772858046239357e-59
975,1334.0670335167583,1.7338371112164483e-59
976,1334.7173586793397,1.04122966895713e-59
977,1335.367683841921,6.045674443606286e-60
978,1336.0180090045023,3.420763200465947e-60
979,1336.6683341670837,1.8943150650227643e-60
980,1337.318659329665,1.0242737367533787e-60
981,1337.9689844922461,5.3657752323806376e-61
982,1338.6193096548275,2.6989338979246014e-61
983,1339.2696348174086,1.2954102628593964e-61
984,1339.91995997999,5.925347744099768e-62
985,1340.5702851425713,2.5925352899281313e-62
986,1341.2206103051526,1.0927975119419298e-62
987,1341.870935467734,4.4711398552414614e-63
988,1342.5212606303153,1.7836763539442335e-63
989,1343.1715857928966,6.937912347298594e-64
990,1343.8219109554777,2.62386833845186e-64
991,1344.472236118059,9.633863337264897e-65
992,1345.1225612806404,3.448000049747668e-65
993,1345.7728864432215,1.217668762460514e-65
994,1346.4232116058029,4.324233440336229e-66
995,1347.0735367683842,1.5726715903839919e-66
996,1347.7238619309655,5.89627674765201e-67
997,1348.3741870935469,2.2566738231655383e-67
998,1349.0245122561282,8.650402391132802e-68
999,1349.6748374187096,3.2648996745517296e-68
1000,1350.3251625812907,1.2021963693284499e-68
1001,1350.975487743872,4.3108439053550775e-69
1002,1351.6258129064531,1.5085733754111247e-69
1003,1352.2761380690345,5.166948288232941e-70
1004,1352.9264632316158,1.7360230858738596e-70
1005,1353.5767883941971,5.740198981201204e-71
1006,1354.2271135567785,1.8833422009948776e-71
1007,1354.8774387193598,6.241684368199698e-72
1008,1355.5277638819412,2.1475498085769424e-72
1009,1356.1780890445223,7.876173770822339e-73
1010,1356.8284142071036,3.101172178437414e-73
1011,1357.478739369685,1.2837260784371182e-73
1012,1358.129064532266,5.369338897403852e-74
1013,1358.7793896948474,2.1729849683183286e-74
1014,1359.4297148574287,8.1909251923505e-75
1015,1360.08004002001,2.7900229335801746e-75
1016,1360.7303651825914,8.395898386888531e-76
1017,1361.3806903451728,2.1968372880368583e-76
1018,1362.031015507754,4.9473716506990275e-77
1019,1362.6813406703352,9.541555298085765e-78
1020,1363.3316658329165,1.5761624171286384e-78
1021,1363.9819909954977,2.2436226902187776e-79
1022,1364.632316158079,2.790893894346145e-80
1023,1365.2826413206603,3.1170436598397167e-81
1024,1365.9329664832417,3.2919094242258064e-82
1025,1366.583291645823,3.60738381718894e-83
1026,1367.2336168084043,4.625825190388109e-84
1027,1367.8839419709857,7.362237248395979e-85
1028,1368.5342671335668,1.381439348223547e-85
1029,1369.1845922961481,2.8344644050304016e-86
1030,1369.8349174587293,6.1662995407658e-87
1031,1370.4852426213106,1.439022757010093e-87
1032,1371.135567783892,3.69148912811408e-88
1033,1371.7858929464733,1.038783850984727e-88
1034,1372.4362181090546,3.072704630811737e-89
1035,1373.086543271636,9.019809332963409e-90
1036,1373.7368684342173,2.5103528766238645e-90
1037,1374.3871935967984,6.442662361055767e-91
1038,1375.0375187593797,1.502361437976622e-91
1039,1375.687843921961,3.159918501486759e-92
1040,1376.3381690845422,5.9726484291810555e-93
1041,1376.9884942471235,1.0122928115007215e-93
1042,1377.6388194097049,1.536359072239416e-94
1043,1378.2891445722862,2.0875966012581206e-95
1044,1378.9394697348675,2.5449618481094664e-96
1045,1379.5897948974489,2.7986355774774457e-97
1046,1380.2401200600302,2.8009849445032953e-98
1047,1380.8904452226113,2.580488970458884e-99
1048,1381.5407703851927,2.2140506817325742e-100
1049,1382.1910955477738,1.7863717744608227e-101
1050,1382.8414207103551,1.3637333124537294e-102
1051,1383.4917458729365,9.872059039236821e-104
1052,1384.1420710355178,6.76587775111097e-105
1053,1384.7923961980991,4.368930774685403e-106
1054,1385.4427213606805,2.6382923349047592e-107
1055,1386.0930465232618,1.476248776759912e-108
1056,1386.743371685843,7.577220212246849e-110
1057,1387.3936968484243,3.5323910690351245e-111
1058,1388.0440220110056,1.4830495130379495e-112
1059,1388.6943471735867,5.5780921030465375e-114
1060,1389.344672336168,1.8799389507967237e-115
1061,1389.9949974987494,5.721569026340708e-117
1062,1390.6453226613307,1.5980787280418244e-118
1063,1391.295647823912,4.1864925661883336e-120
1064,1391.9459729864934,1.0495888399603743e-121
1065,1392.5962981490748,2.5407097481099603e-123
1066,1393.2466233116559,5.893233776201574e-125
1067,1393.8969484742372,1.2840894183724123e-126
1068,1394.5472736368183,2.5704139587097723e-128
1069,1395.1975987993997,4.645773310916759e-130
1070,1395.847923961981,7.502658867685751e-132
1071,1396.4982491245623,1.077039813951267e-133
1072,1397.1485742871437,1.3717563103798962e-135
1073,1397.798899449725,1.5503847450672973e-137
1074,1398.4492246123064,1.5582500372246208e-139
1075,1399.0995497748875,1.3987602870934635e-141
1076,1399.7498749374688,1.1293899092115974e-143
1077,1400.40020010005,8.289625930464906e-146
1078,1401.0505252626313,5.607514922598429e-148
1079,1401.7008504252126,3.5431946899781146e-150
1080,1402.351175587794,2.1054060514359823e-152
1081,1403.0015007503753,1.1708463106270358e-154
1082,1403.6518259129566,6.007364871048885e-157
1083,1404.302151075538,2.7981823522664223e-159
1084,1404.952476238119,1.1704346471596909e-161
1085,1405.6028014007004,4.386037929910837e-164
1086,1406.2531265632817,1.4807380998812604e-166
1087,1406.9034517258629,4.548116978680682e-169
1088,1407.5537768884442,1.281644541774905e-171
1089,1408.2041020510255,3.319530799120486e-174
1090,1408.8544272136069,7.850808948613013e-177
1091,1409.5047523761882,1.672650581022053e-179
1092,1410.1550775387695,3.152687900018619e-182
1093,1410.8054027013509,5.151285501207713e-185
1094,1411.455727863932,7.155244486015496e-188
1095,1412.1060530265133,8.321173427639252e-191
1096,1412.7563781890944,8.034742679660321e-194
1097,1413.4067033516758,6.435780113483857e-197
1098,1414.0570285142571,4.297775439453108e-200
1099,1414.7073536768385,2.4122876685271243e-203
1100,1415.3576788394198,1.1481665899137901e-206
1101,1416.0080040020011,4.677265754251434e-210
1102,1416.6583291645825,1.6508602894121792e-213
1103,1417.3086543271636,5.1478761665977224e-217
1104,1417.958979489745,1.459256521465438e-220
1105,1418.6093046523263,3.882418084639266e-224
1106,1419.2596298149074,9.93182307690444e-228
1107,1419.9099549774887,2.4652966014283015e-231
1108,1420.56028014007,5.900924794750812e-235
1109,1421.2106053026514,1.3339157082228333e-238
1110,1421.8609304652327,2.7590621890771115e-242
1111,1422.511255627814,5.058075637752554e-246
1112,1423.1615807903954,8.039506117666632e-250
1113,1423.8119059529765,1.0967882038298329e-253
1114,1424.4622311155579,1.2802319409283019e-257
1115,1425.112556278139,1.2752860545011531e-261
1116,1425.7628814407203,1.0808053476586677e-265
1117,1426.4132066033017,7.802128830361183e-270
1118,1427.063531765883,4.837764272964043e-274
1119,1427.7138569284643,2.600463172892971e-278
1120,1428.3641820910457,1.2121071468588555e-282
1121,1429.014507253627,4.874370216733137e-287
1122,1429.6648324162081,1.703409093277769e-291
1123,1430.3151575787895,5.322596097106471e-296
1124,1430.9654827413706,1.534269204212719e-300
1125,1431.615807903952,4.0831358145468904e-305
1126,1432.2661330665333,9.67851628056136e-310
1127,1432.9164582291146,1.947678983e-314
1128,1433.566783391696,3.19157e-319
1129,1434.2171085542773,5e-324
1130,1434.8674337168586,0.0
1131,1435.5177588794397,0.0
1132,1436.168084042021,0.0
1133,1436.8184092046024,0.0
1134,1437.4687343671835,0.0
1135,1438.1190595297649,0.0
1136,1438.7693846923462,0.0
1137,1439.4197098549275,0.0
1138,1440.0700350175089,0.0
1139,1440.7203601800902,0.0
1140,1441.3706853426715,0.0
1141,1442.0210105052527,0.0
1142,1442.671335667834,0.0
1143,1443.321660830415,0.0
1144,1443.9719859929965,0.0
1145,1444.6223111555778,0.0
1146,1445.2726363181591,0.0
1147,1445.9229614807405,0.0
1148,1446.5732866433218,0.0
1149,1447.2236118059031,0.0
1150,1447.8739369684843,0.0
1151,1448.5242621310656,0.0
1152,1449.174587293647,0.0
1153,1449.824912456228,0.0
1154,1450.4752376188094,0.0
1155,1451.1255627813907,0.0
1156,1451.775887943972,0.0
1157,1452.4262131065534,0.0
1158,1453.0765382691347,0.0
1159,1453.726863431716,0.0
1160,1454.3771885942972,0.0
1161,1455.0275137568785,0.0
1162,1455.6778389194596,0.0
1163,1456.328164082041,0.0
1164,1456.9784892446223,0.0
1165,1457.6288144072037,0.0
1166,1458.279139569785,0.0
1167,1458.9294647323663,0.0
1168,1459.5797898949477,0.0
1169,1460.2301150575288,0.0
1170,1460.8804402201101,0.0
1171,1461.5307653826912,0.0
1172,1462.1810905452726,0.0
1173,1462.831415707854,0.0
1174,1463.4817408704353,0.0
1175,1464.1320660330166,0.0
1176,1464.782391195598,0.0
1177,1465.4327163581793,0.0
1178,1466.0830415207604,0.0
1179,1466.7333666833417,0.0
1180,1467.383691845923,0.0
1181,1468.0340170085042,0.0
1182,1468.6843421710855,0.0
1183,1469.3346673336669,0.0
1184,1469.9849924962482,0.0
1185,1470.6353176588295,0.0
1186,1471.2856428214109,0.0
1187,1471.9359679839922,0.0
1188,1472.5862931465733,0.0
1189,1473.2366183091547,0.0
1190,1473.8869434717358,0.0
1191,1474.5372686343171,0.0
1192,1475.1875937968985,0.0
1193,1475.8379189594798,0.0
1194,1476.4882441220611,0.0
1195,1477.1385692846425,0.0
1196,1477.7888944472238,0.0
1197,1478.439219609805,0.0
1198,1479.0895447723863,0.0
1199,1479.7398699349674,0.0
1200,1480.3901950975487,0.0
1201,1481.04052026013,0.0
1202,1481.6908454227114,0.0
1203,1482.3411705852927,0.0
1204,1482.991495747874,0.0
1205,1483.6418209104554,0.0
1206,1484.2921460730367,0.0
1207,1484.9424712356179,0.0
1208,1485.5927963981992,0.0
1209,1486.2431215607803,0.0
1210,1486.8934467233616,0.0
1211,1487.543771885943,0.0
1212,1488.1940970485243,0.0
1213,1488.8444222111057,0.0
1214,1489.494747373687,0.0
1215,1490.1450725362683,0.0
1216,1490.7953976988495,0.0
1217,1491.4457228614308,0.0
1218,1492.096048024012,0.0
1219,1492.7463731865932,0.0
1220,1493.3966983491746,0.0
1221,1494.047023511756,0.0
1222,1494.6973486743373,0.0
1223,1495.3476738369186,0.0
1224,1495.9979989995,0.0
1225,1496.648324162081,0.0
1226,1497.2986493246624,0.0
1227,1497.9489744872437,0.0
1228,1498.5992996498248,0.0
1229,1499.2496248124062,0.0
1230,1499.8999499749875,0.0
1231,1500.5502751375689,0.0
1232,1501.2006003001502,0.0
1233,1501.8509254627315,0.0
1234,1502.5012506253129,0.0
1235,1503.151575787894,0.0
1236,1503.8019009504753,0.0
1237,1504.4522261130564,0.0
1238,1505.1025512756378,0.0
1239,1505.7528764382191,0.0
1240,1506.4032016008005,0.0
1241,1507.0535267633818,0.0
1242,1507.7038519259631,0.0
1243,1508.3541770885445,0.0
1244,1509.0045022511256,0.0
1245,1509.654827413707,0.0
1246,1510.305152576288,0.0
1247,1510.9554777388694,0.0
1248,1511.6058029014507,0.0
1249,1512.256128064032,0.0
1250,1512.9064532266134,0.0
1251,1513.5567783891947,0.0
1252,1514.207103551776,0.0
1253,1514.8574287143572,0.0
1254,1515.5077538769385,0.0
1255,1516.1580790395199,0.0
1256,1516.808404202101,0.0
1257,1517.4587293646823,0.0
1258,1518.1090545272637,0.0
1259,1518.759379689845,0.0
1260,1519.4097048524263,0.0
1261,1520.0600300150077,0.0
1262,1520.710355177589,0.0
1263,1521.3606803401701,0.0
1264,1522.0110055027515,0.0
1265,1522.6613306653326,0.0
1266,1523.311655827914,0.0
1267,1523.9619809904952,0.0
1268,1524.6123061530766,0.0
1269,1525.262631315658,0.0
1270,1525.9129564782393,0.0
1271,1526.5632816408206,0.0
1272,1527.2136068034017,0.0
1273,1527.863931965983,0.0
1274,1528.5142571285644,0.0
1275,1529.1645822911455,0.0
1276,1529.8149074537268,0.0
1277,1530.4652326163082,0.0
1278,1531.1155577788895,0.0
1279,1531.7658829414709,0.0
1280,1532.4162081040522,0.0
1281,1533.0665332666335,0.0
1282,1533.7168584292147,0.0
1283,1534.367183591796,0.0
1284,1535.017508754377,0.0
1285,1535.6678339169584,0.0
1286,1536.3181590795398,0.0
1287,1536.9684842421211,0.0
1288,1537.6188094047025,0.0
1289,1538.2691345672838,0.0
1290,1538.9194597298651,0.0
1291,1539.5697848924463,0.0
1292,1540.2201100550276,0.0
1293,1540.8704352176087,0.0
1294,1541.52076038019,0.0
1295,1542.1710855427714,0.0
1296,1542.8214107053527,0.0
1297,1543.471735867934,0.0
1298,1544.1220610305154,0.0
1299,1544.7723861930967,0.0
1300,1545.4227113556778,0.0
1301,1546.0730365182592,0.0
1302,1546.7233616808405,0.0
1303,1547.3736868434216,0.0
1304,1548.024012006003,0.0
1305,1548.6743371685843,0.0
1306,1549.3246623311657,0.0
1307,1549.974987493747,0.0
1308,1550.6253126563283,0.0
1309,1551.2756378189097,0.0
1310,1551.9259629814908,0.0
1311,1552.5762881440721,0.0
1312,1553.2266133066532,0.0
1313,1553.8769384692346,0.0
1314,1554.527263631816,0.0
1315,1555.1775887943973,0.0
1316,1555.8279139569786,0.0
1317,1556.47823911956,0.0
1318,1557.1285642821413,0.0
1319,1557.7788894447224,0.0
1320,1558.4292146073037,0.0
1321,1559.079539769885,0.0
1322,1559.7298649324662,0.0
1323,1560.3801900950475,0.0
1324,1561.0305152576288,0.0
1325,1561.6808404202102,0.0
1326,1562.3311655827915,0.0
1327,1562.9814907453729,0.0
1328,1563.6318159079542,0.0
1329,1564.2821410705353,0.0
1330,1564.9324662331167,0.0
1331,1565.5827913956978,0.0
1332,1566.233116558279,0.0
1333,1566.8834417208604,0.0
1334,1567.5337668834418,0.0
1335,1568.1840920460231,0.0
1336,1568.8344172086045,0.0
1337,1569.4847423711858,0.0
1338,1570.135067533767,0.0
1339,1570.7853926963483,0.0
1340,1571.4357178589294,0.0
1341,1572.0860430215107,0.0
1342,1572.736368184092,0.0
1343,1573.3866933466734,0.0
1344,1574.0370185092547,0.0
1345,1574.687343671836,0.0
1346,1575.3376688344174,0.0
1347,1575.9879939969985,0.0
1348,1576.6383191595799,0.0
1349,1577.2886443221612,0.0
1350,1577.9389694847423,0.0
1351,1578.5892946473236,0.0
1352,1579.239619809905,0.0
1353,1579.8899449724863,0.0
1354,1580.5402701350677,0.0
1355,1581.190595297649,0.0
1356,1581.8409204602303,0.0
1357,1582.4912456228114,0.0
1358,1583.1415707853928,0.0
1359,1583.791895947974,0.0
1360,1584.4422211105552,0.0
1361,1585.0925462731366,0.0
1362,1585.742871435718,0.0
1363,1586.3931965982993,0.0
1364,1587.0435217608806,0.0
1365,1587.693846923462,0.0
1366,1588.344172086043,0.0
1367,1588.9944972486244,0.0
1368,1589.6448224112057,0.0
1369,1590.2951475737868,0.0
1370,1590.9454727363682,0.0
1371,1591.5957978989495,0.0
1372,1592.2461230615309,0.0
1373,1592.8964482241122,0.0
1374,1593.5467733866935,0.0
1375,1594.1970985492749,0.0
1376,1594.847423711856,0.0
1377,1595.4977488744373,0.0
1378,1596.1480740370184,0.0
1379,1596.7983991995998,0.0
1380,1597.448724362181,0.0
1381,1598.0990495247624,0.0
1382,1598.7493746873438,0.0
1383,1599.3996998499251,0.0
1384,1600.0500250125065,0.0
1385,1600.7003501750876,0.0
1386,1601.350675337669,0.0
1387,1602.00100050025,0.0
1388,1602.6513256628314,0.0
1389,1603.3016508254127,0.0
1390,1603.951975987994,0.0
1391,1604.6023011505754,0.0
1392,1605.2526263131567,0.0
1393,1605.902951475738,0.0
1394,1606.5532766383192,0.0
1395,1607.2036018009005,0.0
1396,1607.8539269634819,0.0
1397,1608.504252126063,0.0
1398,1609.1545772886443,0.0
1399,1609.8049024512256,0.0
1400,1610.455227613807,0.0
1401,1611.1055527763883,0.0
1402,1611.7558779389697,0.0
1403,1612.406203101551,0.0
1404,1613.056528264132,0.0
1405,1613.7068534267135,0.0
1406,1614.3571785892946,0.0
1407,1615.007503751876,0.0
1408,1615.6578289144572,0.0
1409,1616.3081540770386,0.0
1410,1616.95847923962,0.0
1411,1617.6088044022013,0.0
1412,1618.2591295647826,0.0
1413,1618.9094547273637,0.0
1414,1619.559779889945,0.0
1415,1620.2101050525264,0.0
1416,1620.8604302151075,0.0
1417,1621.5107553776888,0.0
1418,1622.1610805402702,0.0
1419,1622.8114057028515,0.0
1420,1623.4617308654329,0.0
1421,1624.1120560280142,0.0
1422,1624.7623811905955,0.0
1423,1625.4127063531766,0.0
1424,1626.063031515758,0.0
1425,1626.713356678339,0.0
1426,1627.3636818409204,0.0
1427,1628.0140070035018,0.0
1428,1628.664332166083,0.0
1429,1629.3146573286645,0.0
1430,1629.9649824912458,0.0
1431,1630.6153076538271,0.0
1432,1631.2656328164082,0.0
1433,1631.9159579789896,0.0
1434,1632.5662831415707,0.0
1435,1633.216608304152,0.0
1436,1633.8669334667334,0.0
1437,1634.5172586293147,0.0
1438,1635.167583791896,0.0
1439,1635.8179089544774,0.0
1440,1636.4682341170587,0.0
1441,1637.1185592796398,0.0
1442,1637.7688844422212,0.0
1443,1638.4192096048025,0.0
1444,1639.0695347673836,0.0
1445,1639.719859929965,0.0
1446,1640.3701850925463,0.0
1447,1641.0205102551276,0.0
1448,1641.670835417709,0.0
1449,1642.3211605802903,0.0
1450,1642.9714857428717,0.0
1451,1643.6218109054528,0.0
1452,1644.2721360680341,0.0
1453,1644.9224612306152,0.0
1454,1645.5727863931966,0.0
1455,1646.223111555778,0.0
1456,1646.8734367183592,0.0
1457,1647.5237618809406,0.0
1458,1648.174087043522,0.0
1459,1648.8244122061033,0.0
1460,1649.4747373686844,0.0
1461,1650.1250625312657,0.0
1462,1650.775387693847,0.0
1463,1651.4257128564282,0.0
1464,1652.0760380190095,0.0
1465,1652.7263631815908,0.0
1466,1653.3766883441722,0.0
1467,1654.0270135067535,0.0
1468,1654.6773386693349,0.0
1469,1655.3276638319162,0.0
1470,1655.9779889944973,0.0
1471,1656.6283141570786,0.0
1472,1657.2786393196598,0.0
1473,1657.928964482241,0.0
1474,1658.5792896448224,0.0
1475,1659.2296148074038,0.0
1476,1659.8799399699851,0.0
1477,1660.5302651325665,0.0
1478,1661.1805902951478,0.0
1479,1661.830915457729,0.0
1480,1662.4812406203102,0.0
1481,1663.1315657828914,0.0
1482,1663.7818909454727,0.0
1483,1664.432216108054,0.0
1484,1665.0825412706354,0.0
1485,1665.7328664332167,0.0
1486,1666.383191595798,0.0
1487,1667.0335167583794,0.0
1488,1667.6838419209605,0.0
1489,1668.3341670835418,0.0
1490,1668.9844922461232,0.0
1491,1669.6348174087043,0.0
1492,1670.2851425712856,0.0
1493,1670.935467733867,0.0
1494,1671.5857928964483,0.0
1495,1672.2361180590296,0.0
1496,1672.886443221611,0.0
1497,1673.5367683841923,0.0
1498,1674.1870935467734,0.0
1499,1674.8374187093548,0.0
1500,1675.487743871936,0.0
1501,1676.1380690345172,0.0
1502,1676.7883941970986,0.0
1503,1677.43871935968,0.0
1504,1678.0890445222612,0.0
1505,1678.7393696848426,0.0
1506,1679.389694847424,0.0
1507,1680.040020010005,0.0
1508,1680.6903451725864,0.0
1509,1681.3406703351675,0.0
1510,1681.9909954977488,0.0
1511,1682.6413206603302,0.0
1512,1683.2916458229115,0.0
1513,1683.9419709854928,0.0
1514,1684.5922961480742,0.0
1515,1685.2426213106555,0.0
1516,1685.8929464732369,0.0
1517,1686.543271635818,0.0
1518,1687.1935967983993,0.0
1519,1687.8439219609804,0.0
1520,1688.4942471235618,0.0
1521,1689.144572286143,0.0
1522,1689.7948974487244,0.0
1523,1690.4452226113058,0.0
1524,1691.0955477738871,0.0
1525,1691.7458729364685,0.0
1526,1692.3961980990496,0.0
1527,1693.046523261631,0.0
1528,1693.696848424212,0.0
1529,1694.3471735867934,0.0
1530,1694.9974987493747,0.0
1531,1695.647823911956,0.0
1532,1696.2981490745374,0.0
1533,1696.9484742371187,0.0
1534,1697.5987993997,0.0
1535,1698.2491245622812,0.0
1536,1698.8994497248625,0.0
1537,1699.5497748874438,0.0
1538,1700.200100050025,0.0
1539,1700.8504252126063,0.0
1540,1701.5007503751876,0.0
1541,1702.151075537769,0.0
1542,1702.8014007003503,0.0
1543,1703.4517258629317,0.0
1544,1704.102051025513,0.0
1545,1704.752376188094,0.0
1546,1705.4027013506754,0.0
1547,1706.0530265132566,0.0
1548,1706.703351675838,0.0
1549,1707.3536768384192,0.0
1550,1708.0040020010006,0.0
1551,1708.654327163582,0.0
1552,1709.3046523261633,0.0
1553,1709.9549774887446,0.0
1554,1710.6053026513257,0.0
1555,1711.255627813907,0.0
1556,1711.9059529764882,0.0
1557,1712.5562781390695,0.0
1558,1713.2066033016508,0.0
1559,1713.8569284642322,0.0
1560,1714.5072536268135,0.0
1561,1715.1575787893948,0.0
1562,1715.8079039519762,0.0
1563,1716.4582291145575,0.0
1564,1717.1085542771386,0.0
1565,1717.75887943972,0.0
1566,1718.409204602301,0.0
1567,1719.0595297648824,0.0
1568,1719.7098549274638,0.0
1569,1720.360180090045,0.0
1570,1721.0105052526264,0.0
1571,1721.6608304152078,0.0
1572,1722.3111555777891,0.0
1573,1722.9614807403702,0.0
1574,1723.6118059029516,0.0
1575,1724.262131065533,0.0
1576,1724.912456228114,0.0
1577,1725.5627813906954,0.0
1578,1726.2131065532767,0.0
1579,1726.863431715858,0.0
1580,1727.5137568784394,0.0
1581,1728.1640820410205,0.0
1582,1728.8144072036018,0.0
1583,1729.4647323661832,0.0
1584,1730.1150575287645,0.0
1585,1730.7653826913458,0.0
1586,1731.415707853927,0.0
1587,1732.0660330165083,0.0
1588,1732.7163581790896,0.0
1589,1733.366683341671,0.0
1590,1734.0170085042523,0.0
1591,1734.6673336668334,0.0
1592,1735.3176588294148,0.0
1593,1735.967983991996,0.0
1594,1736.6183091545774,0.0
1595,1737.2686343171586,0.0
1596,1737.91895947974,0.0
1597,1738.5692846423212,0.0
1598,1739.2196098049026,0.0
1599,1739.869934967484,0.0
1600,1740.520260130065,0.0
1601,1741.1705852926464,0.0
1602,1741.8209104552277,0.0
1603,1742.471235617809,0.0
1604,1743.1215607803904,0.0
1605,1743.7718859429715,0.0
1606,1744.4222111055528,0.0
1607,1745.0725362681342,0.0
1608,1745.7228614307155,0.0
1609,1746.3731865932966,0.0
1610,1747.023511755878,0.0
1611,1747.6738369184593,0.0
1612,1748.3241620810406,0.0
1613,1748.974487243622,0.0
1614,1749.624812406203,0.0
1615,1750.2751375687844,0.0
1616,1750.9254627313658,0.0
1617,1751.575787893947,0.0
1618,1752.2261130565284,0.0
1619,1752.8764382191096,0.0
1620,1753.526763381691,0.0
1621,1754.1770885442722,0.0
1622,1754.8274137068536,0.0
1623,1755.4777388694347,0.0
1624,1756.128064032016,0.0
1625,1756.7783891945974,0.0
1626,1757.4287143571787,0.0
1627,1758.07903951976,0.0
1628,1758.7293646823412,0.0
1629,1759.3796898449225,0.0
1630,1760.0300150075038,0.0
1631,1760.6803401700852,0.0
1632,1761.3306653326665,0.0
1633,1761.9809904952476,0.0
1634,1762.631315657829,0.0
1635,1763.2816408204103,0.0
1636,1763.9319659829916,0.0
1637,1764.5822911455728,0.0
1638,1765.232616308154,0.0
1639,1765.8829414707354,0.0
1640,1766.5332666333168,0.0
1641,1767.183591795898,0.0
1642,1767.8339169584792,0.0
1643,1768.4842421210606,0.0
1644,1769.134567283642,0.0
1645,1769.7848924462232,0.0
1646,1770.4352176088046,0.0
1647,1771.0855427713857,0.0
1648,1771.735867933967,0.0
1649,1772.3861930965484,0.0
1650,1773.0365182591297,0.0
1651,1773.686843421711,0.0
1652,1774.3371685842922,0.0
1653,1774.9874937468735,0.0
1654,1775.6378189094548,0.0
1655,1776.2881440720362,0.0
1656,1776.9384692346173,0.0
1657,1777.5887943971986,0.0
1658,1778.23911955978,0.0
1659,1778.8894447223613,0.0
1660,1779.5397698849426,0.0
1661,1780.1900950475238,0.0
1662,1780.840420210105,0.0
1663,1781.4907453726864,0.0
1664,1782.1410705352678,0.0
1665,1782.791395697849,0.0
1666,1783.4417208604302,0.0
1667,1784.0920460230116,0.0
1668,1784.742371185593,0.0
1669,1785.3926963481742,0.0
1670,1786.0430215107554,0.0
1671,1786.6933466733367,0.0
1672,1787.343671835918,0.0
1673,1787.9939969984994,0.0
1674,1788.6443221610807,0.0
1675,1789.2946473236618,0.0
1676,1789.9449724862432,0.0
1677,1790.5952976488245,0.0
1678,1791.2456228114058,0.0
1679,1791.8959479739872,0.0
1680,1792.5462731365683,0.0
1681,1793.1965982991496,0.0
1682,1793.846923461731,0.0
1683,1794.4972486243123,0.0
1684,1795.1475737868934,0.0
1685,1795.7978989494748,0.0
1686,1796.448224112056,0.0
1687,1797.0985492746374,0.0
1688,1797.7488744372188,0.0
1689,1798.3991995997999,0.0
1690,1799.0495247623812,0.0
1691,1799.6998499249626,0.0
1692,1800.350175087544,0.0
1693,1801.0005002501252,0.0
1694,1801.6508254127064,0.0
1695,1802.3011505752877,0.0
1696,1802.951475737869,0.0
1697,1803.6018009004504,0.0
1698,1804.2521260630317,0.0
1699,1804.9024512256128,0.0
1700,1805.5527763881942,0.0
1701,1806.2031015507755,0.0
1702,1806.8534267133568,0.0
1703,1807.503751875938,0.0
1704,1808.1540770385193,0.0
1705,1808.8044022011006,0.0
1706,1809.454727363682,0.0
1707,1810.1050525262633,0.0
1708,1810.7553776888444,0.0
1709,1811.4057028514258,0.0
1710,1812.056028014007,0.0
1711,1812.7063531765884,0.0
1712,1813.3566783391698,0.0
1713,1814.007003501751,0.0
1714,1814.6573286643322,0.0
1715,1815.3076538269136,0.0
1716,1815.957978989495,0.0
1717,1816.608304152076,0.0
1718,1817.2586293146574,0.0
1719,1817.9089544772387,0.0
1720,1818.55927963982,0.0
1721,1819.2096048024014,0.0
1722,1819.8599299649825,0.0
1723,1820.5102551275638,0.0
1724,1821.1605802901452,0.0
1725,1821.8109054527265,0.0
1726,1822.4612306153078,0.0
1727,1823.111555777889,0.0
1728,1823.7618809404703,0.0
1729,1824.4122061030516,0.0
1730,1825.062531265633,0.0
1731,1825.712856428214,0.0
1732,1826.3631815907954,0.0
1733,1827.0135067533768,0.0
1734,1827.663831915958,0.0
1735,1828.3141570785394,0.0
1736,1828.9644822411205,0.0
1737,1829.614807403702,0.0
1738,1830.2651325662832,0.0
1739,1830.9154577288646,0.0
1740,1831.565782891446,0.0
1741,1832.216108054027,0.0
1742,1832.8664332166084,0.0
1743,1833.5167583791897,0.0
1744,1834.167083541771,0.0
1745,1834.8174087043524,0.0
1746,1835.4677338669335,0.0
1747,1836.1180590295148,0.0
1748,1836.7683841920962,0.0
1749,1837.4187093546775,0.0
1750,1838.0690345172586,0.0
1751,1838.71935967984,0.0
1752,1839.3696848424213,0.0
1753,1840.0200100050026,0.0
1754,1840.670335167584,0.0
1755,1841.320660330165,0.0
1756,1841.9709854927464,0.0
1757,1842.6213106553278,0.0
1758,1843.271635817909,0.0
1759,1843.9219609804904,0.0
1760,1844.5722861430716,0.0
1761,1845.222611305653,0.0
1762,1845.8729364682342,0.0
1763,1846.5232616308156,0.0
1764,1847.1735867933967,0.0
1765,1847.823911955978,0.0
1766,1848.4742371185594,0.0
1767,1849.1245622811407,0.0
1768,1849.774887443722,0.0
1769,1850.4252126063031,0.0
1770,1851.0755377688845,0.0
1771,1851.7258629314658,0.0
1772,1852.3761880940472,0.0
1773,1853.0265132566285,0.0
1774,1853.6768384192096,0.0
1775,1854.327163581791,0.0
1776,1854.9774887443723,0.0
1777,1855.6278139069536,0.0
1778,1856.2781390695347,0.0
1779,1856.928464232116,0.0
1780,1857.5787893946974,0.0
1781,1858.2291145572788,0.0
1782,1858.87943971986,0.0
1783,1859.5297648824412,0.0
1784,1860.1800900450226,0.0
1785,1860.830415207604,0.0
1786,1861.4807403701852,0.0
1787,1862.1310655327666,0.0
1788,1862.7813906953477,0.0
1789,1863.431715857929,0.0
1790,1864.0820410205104,0.0
1791,1864.7323661830917,0.0
1792,1865.3826913456728,0.0
1793,1866.0330165082541,0.0
1794,1866.6833416708355,0.0
1795,1867.3336668334168,0.0
1796,1867.9839919959982,0.0
1797,1868.6343171585793,0.0
1798,1869.2846423211606,0.0
1799,1869.934967483742,0.0
1800,1870.5852926463233,0.0
1801,1871.2356178089046,0.0
1802,1871.8859429714857,0.0
1803,1872.536268134067,0.0
1804,1873.1865932966484,0.0
1805,1873.8369184592298,0.0
1806,1874.487243621811,0.0
1807,1875.1375687843922,0.0
1808,1875.7878939469736,0.0
1809,1876.438219109555,0.0
1810,1877.0885442721362,0.0
1811,1877.7388694347173,0.0
1812,1878.3891945972987,0.0
1813,1879.03951975988,0.0
1814,1879.6898449224614,0.0
1815,1880.3401700850427,0.0
1816,1880.9904952476238,0.0
1817,1881.6408204102052,0.0
1818,1882.2911455727865,0.0
1819,1882.9414707353678,0.0
1820,1883.5917958979492,0.0
1821,1884.2421210605303,0.0
1822,1884.8924462231116,0.0
1823,1885.542771385693,0.0
1824,1886.1930965482743,0.0
1825,1886.8434217108554,0.0
1826,1887.4937468734367,0.0
1827,1888.144072036018,0.0
1828,1888.7943971985994,0.0
1829,1889.4447223611808,0.0
1830,1890.0950475237619,0.0
1831,1890.7453726863432,0.0
1832,1891.3956978489246,0.0
1833,1892.046023011506,0.0
1834,1892.6963481740872,0.0
1835,1893.3466733366683,0.0
1836,1893.9969984992497,0.0
1837,1894.647323661831,0.0
1838,1895.2976488244124,0.0
1839,1895.9479739869935,0.0
1840,1896.5982991495748,0.0
1841,1897.2486243121562,0.0
1842,1897.8989494747375,0.0
1843,1898.5492746373188,0.0
1844,1899.1995997999,0.0
1845,1899.8499249624813,0.0
1846,1900.5002501250626,0.0
1847,1901.150575287644,0.0
1848,1901.8009004502253,0.0
1849,1902.4512256128064,0.0
1850,1903.1015507753878,0.0
1851,1903.751875937969,0.0
1852,1904.4022011005504,0.0
1853,1905.0525262631318,0.0
1854,1905.7028514257129,0.0
1855,1906.3531765882942,0.0
1856,1907.0035017508756,0.0
1857,1907.653826913457,0.0
1858,1908.304152076038,0.0
1859,1908.9544772386193,0.0
1860,1909.6048024012007,0.0
1861,1910.255127563782,0.0
1862,1910.9054527263634,0.0
1863,1911.5557778889445,0.0
1864,1912.2061030515258,0.0
1865,1912.8564282141072,0.0
1866,1913.5067533766885,0.0
1867,1914.1570785392698,0.0
1868,1914.807403701851,0.0
1869,1915.4577288644323,0.0
1870,1916.1080540270136,0.0
1871,1916.758379189595,0.0
1872,1917.408704352176,0.0
1873,1918.0590295147574,0.0
1874,1918.7093546773388,0.0
1875,1919.35967983992,0.0
1876,1920.0100050025014,0.0
1877,1920.6603301650825,0.0
1878,1921.3106553276639,0.0
1879,1921.9609804902452,0.0
1880,1922.6113056528266,0.0
1881,1923.261630815408,0.0
1882,1923.911955977989,0.0
1883,1924.5622811405703,0.0
1884,1925.2126063031517,0.0
1885,1925.862931465733,0.0
1886,1926.5132566283141,0.0
1887,1927.1635817908955,0.0
1888,1927.8139069534768,0.0
1889,1928.4642321160582,0.0
1890,1929.1145572786395,0.0
1891,1929.7648824412206,0.0
1892,1930.415207603802,0.0
1893,1931.0655327663833,0.0
1894,1931.7158579289646,0.0
1895,1932.366183091546,0.0
1896,1933.016508254127,0.0
1897,1933.6668334167084,0.0
1898,1934.3171585792898,0.0
1899,1934.967483741871,0.0
1900,1935.6178089044524,0.0
1901,1936.2681340670335,0.0
1902,1936.9184592296149,0.0
1903,1937.5687843921962,0.0
1904,1938.2191095547776,0.0
1905,1938.8694347173587,0.0
1906,1939.51975987994,0.0
1907,1940.1700850425214,0.0
1908,1940.8204102051027,0.0
1909,1941.470735367684,0.0
1910,1942.1210605302651,0.0
1911,1942.7713856928465,0.0
1912,1943.4217108554278,0.0
1913,1944.0720360180092,0.0
1914,1944.7223611805905,0.0
1915,1945.3726863431716,0.0
1916,1946.023011505753,0.0
1917,1946.6733366683343,0.0
1918,1947.3236618309156,0.0
1919,1947.9739869934967,0.0
1920,1948.624312156078,0.0
1921,1949.2746373186594,0.0
1922,1949.9249624812408,0.0
1923,1950.575287643822,0.0
1924,1951.2256128064032,0.0
1925,1951.8759379689845,0.0
1926,1952.5262631315659,0.0
1927,1953.1765882941472,0.0
1928,1953.8269134567286,0.0
1929,1954.4772386193097,0.0
1930,1955.127563781891,0.0
1931,1955.7778889444724,0.0
1932,1956.4282141070537,0.0
1933,1957.0785392696348,0.0
1934,1957.7288644322161,0.0
1935,1958.3791895947975,0.0
1936,1959.0295147573788,0.0
1937,1959.6798399199602,0.0
1938,1960.3301650825413,0.0
1939,1960.9804902451226,0.0
1940,1961.630815407704,0.0
1941,1962.2811405702853,0.0
1942,1962.9314657328666,0.0
1943,1963.5817908954477,0.0
1944,1964.232116058029,0.0
1945,1964.8824412206104,0.0
1946,1965.5327663831918,0.0
1947,1966.183091545773,0.0
1948,1966.8334167083542,0.0
1949,1967.4837418709355,0.0
1950,1968.1340670335169,0.0
1951,1968.7843921960982,0.0
1952,1969.4347173586793,0.0
1953,1970.0850425212607,0.0
1954,1970.735367683842,0.0
1955,1971.3856928464234,0.0
1956,1972.0360180090047,0.0
1957,1972.6863431715858,0.0
1958,1973.3366683341671,0.0
1959,1973.9869934967485,0.0
1960,1974.6373186593298,0.0
1961,1975.2876438219112,0.0
1962,1975.9379689844923,0.0
1963,1976.5882941470736,0.0
1964,1977.238619309655,0.0
1965,1977.8889444722363,0.0
1966,1978.5392696348174,0.0
1967,1979.1895947973987,0.0
1968,1979.83991995998,0.0
1969,1980.4902451225614,0.0
1970,1981.1405702851428,0.0
1971,1981.7908954477239,0.0
1972,1982.4412206103052,0.0
1973,1983.0915457728865,0.0
1974,1983.741870935468,0.0
1975,1984.3921960980492,0.0
1976,1985.0425212606303,0.0
1977,1985.6928464232117,0.0
1978,1986.343171585793,0.0
1979,1986.9934967483744,0.0
1980,1987.6438219109555,0.0
1981,1988.2941470735368,0.0
1982,1988.9444722361181,0.0
1983,1989.5947973986995,0.0
1984,1990.2451225612808,0.0
1985,1990.895447723862,0.0
1986,1991.5457728864433,0.0
1987,1992.1960980490246,0.0
1988,1992.846423211606,0.0
1989,1993.4967483741873,0.0
1990,1994.1470735367684,0.0
1991,1994.7973986993497,0.0
1992,1995.447723861931,0.0
1993,1996.0980490245124,0.0
1994,1996.7483741870935,0.0
1995,1997.3986993496749,0.0
1996,1998.0490245122562,0.0
1997,1998.6993496748375,0.0
1998,1999.349674837419,0.0
1999,2000.0,0.0
