,feh,prob
0,-3.0,0.0
1,-2.99799899949975,0.0
2,-2.9959979989994996,0.0
3,-2.9939969984992496,0.0
4,-2.9919959979989996,0.0
5,-2.989994997498749,0.0
6,-2.987993996998499,0.0
7,-2.9859929964982492,0.0
8,-2.983991995997999,0.0
9,-2.981990995497749,0.0
10,-2.979989994997499,0.0
11,-2.9779889944972484,0.0
12,-2.9759879939969984,0.0
13,-2.9739869934967484,0.0
14,-2.9719859929964985,0.0
15,-2.969984992496248,0.0
16,-2.967983991995998,0.0
17,-2.965982991495748,0.0
18,-2.9639819909954976,0.0
19,-2.9619809904952477,0.0
20,-2.9599799899949977,0.0
21,-2.9579789894947472,0.0
22,-2.9559779889944973,0.0
23,-2.9539769884942473,0.0
24,-2.951975987993997,0.0
25,-2.949974987493747,0.0
26,-2.947973986993497,0.0
27,-2.9459729864932465,0.0
28,-2.9439719859929965,0.0
29,-2.9419709854927465,0.0
30,-2.939969984992496,0.0
31,-2.937968984492246,0.0
32,-2.935967983991996,0.0
33,-2.9339669834917457,0.0
34,-2.9319659829914957,0.0
35,-2.9299649824912457,0.0
36,-2.9279639819909953,0.0
37,-2.9259629814907453,0.0
38,-2.9239619809904953,0.0
39,-2.9219609804902453,0.0
40,-2.919959979989995,0.0
41,-2.917958979489745,0.0
42,-2.915957978989495,0.0
43,-2.9139569784892445,0.0
44,-2.9119559779889945,0.0
45,-2.9099549774887445,0.0
46,-2.907953976988494,0.0
47,-2.905952976488244,0.0
48,-2.903951975987994,0.0
49,-2.9019509754877437,0.0
50,-2.8999499749874937,0.0
51,-2.8979489744872438,0.0
52,-2.8959479739869933,0.0
53,-2.8939469734867433,0.0
54,-2.8919459729864934,0.0
55,-2.889944972486243,0.0
56,-2.887943971985993,0.0
57,-2.885942971485743,0.0
58,-2.8839419709854925,0.0
59,-2.8819409704852426,0.0
60,-2.8799399699849926,0.0
61,-2.8779389694847426,0.0
62,-2.875937968984492,0.0
63,-2.873936968484242,0.0
64,-2.871935967983992,0.0
65,-2.8699349674837418,0.0
66,-2.867933966983492,0.0
67,-2.865932966483242,0.0
68,-2.8639319659829914,0.0
69,-2.8619309654827414,0.0
70,-2.8599299649824914,0.0
71,-2.857928964482241,0.0
72,-2.855927963981991,0.0
73,-2.853926963481741,0.0
74,-2.8519259629814906,0.0
75,-2.8499249624812406,0.0
76,-2.8479239619809906,0.0
77,-2.84592296148074,0.0
78,-2.84392196098049,0.0
79,-2.8419209604802402,0.0
80,-2.83991995997999,0.0
81,-2.83791895947974,0.0
82,-2.83591795897949,0.0
83,-2.8339169584792394,0.0
84,-2.8319159579789894,0.0
85,-2.8299149574787394,0.0
86,-2.8279139569784895,0.0
87,-2.825912956478239,0.0
88,-2.823911955977989,0.0
89,-2.821910955477739,0.0
90,-2.8199099549774886,0.0
91,-2.8179089544772387,0.0
92,-2.8159079539769887,0.0
93,-2.8139069534767382,0.0
94,-2.8119059529764883,0.0
95,-2.8099049524762383,0.0
96,-2.807903951975988,0.0
97,-2.805902951475738,0.0
98,-2.803901950975488,0.0
99,-2.8019009504752375,0.0
100,-2.7998999499749875,0.0
101,-2.7978989494747375,0.0
102,-2.795897948974487,0.0
103,-2.793896948474237,0.0
104,-2.791895947973987,0.0
105,-2.789894947473737,0.0
106,-2.7878939469734867,0.0
107,-2.7858929464732367,0.0
108,-2.7838919459729867,0.0
109,-2.7818909454727363,0.0
110,-2.7798899449724863,0.0
111,-2.7778889444722363,0.0
112,-2.775887943971986,0.0
113,-2.773886943471736,0.0
114,-2.771885942971486,0.0
115,-2.7698849424712355,0.0
116,-2.7678839419709855,0.0
117,-2.7658829414707355,0.0
118,-2.763881940970485,0.0
119,-2.761880940470235,0.0
120,-2.759879939969985,0.0
121,-2.7578789394697347,0.0
122,-2.7558779389694847,0.0
123,-2.7538769384692348,0.0
124,-2.7518759379689843,0.0
125,-2.7498749374687343,0.0
126,-2.7478739369684844,0.0
127,-2.745872936468234,0.0
128,-2.743871935967984,0.0
129,-2.741870935467734,0.0
130,-2.7398699349674835,0.0
131,-2.7378689344672336,0.0
132,-2.7358679339669836,0.0
133,-2.733866933466733,0.0
134,-2.731865932966483,0.0
135,-2.729864932466233,0.0
136,-2.727863931965983,0.0
137,-2.7258629314657328,0.0
138,-2.723861930965483,0.0
139,-2.721860930465233,0.0
140,-2.7198599299649824,0.0
141,-2.7178589294647324,0.0
142,-2.7158579289644824,0.0
143,-2.713856928464232,0.0
144,-2.711855927963982,0.0
145,-2.709854927463732,0.0
146,-2.7078539269634816,0.0
147,-2.7058529264632316,0.0
148,-2.7038519259629816,0.0
149,-2.701850925462731,0.0
150,-2.699849924962481,0.0
151,-2.6978489244622312,0.0
152,-2.6958479239619813,0.0
153,-2.693846923461731,0.0
154,-2.691845922961481,0.0
155,-2.689844922461231,0.0
156,-2.6878439219609804,0.0
157,-2.6858429214607304,0.0
158,-2.6838419209604805,0.0
159,-2.68184092046023,0.0
160,-2.67983991995998,0.0
161,-2.67783891945973,0.0
162,-2.6758379189594796,0.0
163,-2.6738369184592297,0.0
164,-2.6718359179589797,0.0
165,-2.6698349174587293,0.0
166,-2.6678339169584793,0.0
167,-2.6658329164582293,0.0
168,-2.663831915957979,0.0
169,-2.661830915457729,0.0
170,-2.659829914957479,0.0
171,-2.6578289144572285,0.0
172,-2.6558279139569785,0.0
173,-2.6538269134567285,0.0
174,-2.651825912956478,0.0
175,-2.649824912456228,0.0
176,-2.647823911955978,0.0
177,-2.6458229114557277,0.0
178,-2.6438219109554777,0.0
179,-2.6418209104552277,0.0
180,-2.6398199099549773,0.0
181,-2.6378189094547273,0.0
182,-2.6358179089544773,0.0
183,-2.633816908454227,0.0
184,-2.631815907953977,0.0
185,-2.629814907453727,0.0
186,-2.627813906953477,0.0
187,-2.6258129064532265,0.0
188,-2.6238119059529765,0.0
189,-2.6218109054527265,0.0
190,-2.619809904952476,0.0
191,-2.617808904452226,0.0
192,-2.615807903951976,0.0
193,-2.6138069034517257,0.0
194,-2.6118059029514757,0.0
195,-2.6098049024512258,0.0
196,-2.6078039019509753,0.0
197,-2.6058029014507254,0.0
198,-2.6038019009504754,0.0
199,-2.6018009004502254,0.0
200,-2.599799899949975,0.0
201,-2.597798899449725,0.0
202,-2.595797898949475,0.0
203,-2.5937968984492246,0.0
204,-2.5917958979489746,0.0
205,-2.5897948974487246,0.0
206,-2.587793896948474,0.0
207,-2.585792896448224,0.0
208,-2.583791895947974,0.0
209,-2.5817908954477238,0.0
210,-2.579789894947474,0.0
211,-2.577788894447224,0.0
212,-2.5757878939469734,0.0
213,-2.5737868934467234,0.0
214,-2.5717858929464734,0.0
215,-2.569784892446223,0.0
216,-2.567783891945973,0.0
217,-2.565782891445723,0.0
218,-2.5637818909454726,0.0
219,-2.5617808904452226,0.0
220,-2.5597798899449726,0.0
221,-2.557778889444722,0.0
222,-2.555777888944472,0.0
223,-2.5537768884442222,0.0
224,-2.551775887943972,0.0
225,-2.549774887443722,0.0
226,-2.547773886943472,0.0
227,-2.5457728864432214,0.0
228,-2.5437718859429714,0.0
229,-2.5417708854427215,0.0
230,-2.539769884942471,0.0
231,-2.537768884442221,0.0
232,-2.535767883941971,0.0
233,-2.533766883441721,0.0
234,-2.5317658829414706,0.0
235,-2.5297648824412207,0.0
236,-2.5277638819409707,0.0
237,-2.5257628814407203,0.0
238,-2.5237618809404703,0.0
239,-2.5217608804402203,0.0
240,-2.51975987993997,0.0
241,-2.51775887943972,0.0
242,-2.51575787893947,0.0
243,-2.5137568784392195,0.0
244,-2.5117558779389695,0.0
245,-2.5097548774387195,0.0
246,-2.5077538769384695,0.0
247,-2.505752876438219,0.0
248,-2.503751875937969,0.0
249,-2.501750875437719,0.0
250,-2.4997498749374687,0.0
251,-2.4977488744372187,0.0
252,-2.4957478739369687,0.0
253,-2.4937468734367183,0.0
254,-2.4917458729364683,0.0
255,-2.4897448724362183,0.0
256,-2.487743871935968,0.0
257,-2.485742871435718,0.0
258,-2.483741870935468,0.0
259,-2.4817408704352175,0.0
260,-2.4797398699349675,0.0
261,-2.4777388694347176,0.0
262,-2.475737868934467,0.0
263,-2.473736868434217,0.0
264,-2.471735867933967,0.0
265,-2.4697348674337167,0.0
266,-2.4677338669334667,0.0
267,-2.4657328664332168,0.0
268,-2.4637318659329663,0.0
269,-2.4617308654327164,0.0
270,-2.4597298649324664,0.0
271,-2.457728864432216,0.0
272,-2.455727863931966,0.0
273,-2.453726863431716,0.0
274,-2.4517258629314655,0.0
275,-2.4497248624312156,0.0
276,-2.4477238619309656,0.0
277,-2.445722861430715,0.0
278,-2.443721860930465,0.0
279,-2.441720860430215,0.0
280,-2.4397198599299648,0.0
281,-2.437718859429715,0.0
282,-2.435717858929465,0.0
283,-2.433716858429215,0.0
284,-2.4317158579289644,0.0
285,-2.4297148574287144,0.0
286,-2.4277138569284644,0.0
287,-2.425712856428214,0.0
288,-2.423711855927964,0.0
289,-2.421710855427714,0.0
290,-2.419709854927464,0.0
291,-2.4177088544272136,0.0
292,-2.4157078539269636,0.0
293,-2.4137068534267136,0.0
294,-2.4117058529264632,0.0
295,-2.4097048524262132,0.0
296,-2.4077038519259633,0.0
297,-2.405702851425713,0.0
298,-2.403701850925463,0.0
299,-2.401700850425213,0.0
300,-2.3996998499249624,0.0
301,-2.3976988494247125,0.0
302,-2.3956978489244625,0.0
303,-2.393696848424212,0.0
304,-2.391695847923962,0.0
305,-2.389694847423712,0.0
306,-2.3876938469234616,0.0
307,-2.3856928464232117,0.0
308,-2.3836918459229617,0.0
309,-2.3816908454227113,0.0
310,-2.3796898449224613,0.0
311,-2.3776888444222113,0.0
312,-2.375687843921961,0.0
313,-2.373686843421711,0.0
314,-2.371685842921461,0.0
315,-2.3696848424212105,0.0
316,-2.3676838419209605,0.0
317,-2.3656828414207105,0.0
318,-2.36368184092046,0.0
319,-2.36168084042021,0.0
320,-2.35967983991996,0.0
321,-2.3576788394197097,0.0
322,-2.3556778389194597,0.0
323,-2.3536768384192097,0.0
324,-2.3516758379189593,0.0
325,-2.3496748374187093,0.0
326,-2.3476738369184593,0.0
327,-2.345672836418209,0.0
328,-2.343671835917959,0.0
329,-2.341670835417709,0.0
330,-2.3396698349174585,0.0
331,-2.3376688344172085,0.0
332,-2.3356678339169585,0.0
333,-2.3336668334167086,0.0
334,-2.331665832916458,0.0
335,-2.329664832416208,0.0
336,-2.327663831915958,0.0
337,-2.325662831415708,0.0
338,-2.3236618309154577,0.0
339,-2.3216608304152078,0.0
340,-2.319659829914958,0.0
341,-2.3176588294147074,0.0
342,-2.3156578289144574,0.0
343,-2.3136568284142074,0.0
344,-2.311655827913957,0.0
345,-2.309654827413707,0.0
346,-2.307653826913457,0.0
347,-2.3056528264132066,0.0
348,-2.3036518259129566,0.0
349,-2.3016508254127066,0.0
350,-2.299649824912456,0.0
351,-2.297648824412206,0.0
352,-2.295647823911956,0.0
353,-2.293646823411706,0.0
354,-2.291645822911456,0.0
355,-2.289644822411206,0.0
356,-2.2876438219109554,0.0
357,-2.2856428214107054,0.0
358,-2.2836418209104554,0.0
359,-2.281640820410205,0.0
360,-2.279639819909955,0.0
361,-2.277638819409705,0.0
362,-2.2756378189094546,0.0
363,-2.2736368184092046,0.0
364,-2.2716358179089546,0.0
365,-2.269634817408704,0.0
366,-2.2676338169084542,0.0
367,-2.2656328164082042,0.0
368,-2.263631815907954,0.0
369,-2.261630815407704,0.0
370,-2.259629814907454,0.0
371,-2.2576288144072034,0.0
372,-2.2556278139069534,0.0
373,-2.2536268134067035,0.0
374,-2.251625812906453,0.0
375,-2.249624812406203,0.0
376,-2.247623811905953,0.0
377,-2.2456228114057026,0.0
378,-2.2436218109054527,0.0
379,-2.2416208104052027,0.0
380,-2.2396198099049527,0.0
381,-2.2376188094047023,0.0
382,-2.2356178089044523,0.0
383,-2.2336168084042023,0.0
384,-2.2316158079039523,0.0
385,-2.229614807403702,0.0
386,-2.227613806903452,0.0
387,-2.225612806403202,0.0
388,-2.2236118059029515,0.0
389,-2.2216108054027015,0.0
390,-2.2196098049024515,0.0
391,-2.217608804402201,0.0
392,-2.215607803901951,0.0
393,-2.213606803401701,0.0
394,-2.2116058029014507,0.0
395,-2.2096048024012007,0.0
396,-2.2076038019009507,0.0
397,-2.2056028014007003,0.0
398,-2.2036018009004503,0.0
399,-2.2016008004002003,0.0
400,-2.19959979989995,0.0
401,-2.1975987993997,0.0
402,-2.19559779889945,0.0
403,-2.1935967983991995,0.0
404,-2.1915957978989495,0.0
405,-2.1895947973986996,0.0
406,-2.187593796898449,0.0
407,-2.185592796398199,0.0
408,-2.183591795897949,0.0
409,-2.1815907953976987,0.0
410,-2.1795897948974488,0.0
411,-2.1775887943971988,0.0
412,-2.1755877938969483,0.0
413,-2.1735867933966984,0.0
414,-2.1715857928964484,0.0
415,-2.169584792396198,0.0
416,-2.167583791895948,0.0
417,-2.165582791395698,0.0
418,-2.1635817908954476,0.0
419,-2.1615807903951976,0.0
420,-2.1595797898949476,0.0
421,-2.157578789394697,0.0
422,-2.155577788894447,0.0
423,-2.153576788394197,0.0
424,-2.1515757878939468,0.0
425,-2.149574787393697,0.0
426,-2.147573786893447,0.0
427,-2.145572786393197,0.0
428,-2.1435717858929464,0.0
429,-2.1415707853926964,0.0
430,-2.1395697848924464,0.0
431,-2.137568784392196,0.0
432,-2.135567783891946,0.0
433,-2.133566783391696,0.0
434,-2.131565782891446,0.0
435,-2.1295647823911956,0.0
436,-2.1275637818909456,0.0
437,-2.1255627813906957,0.0
438,-2.1235617808904452,0.0
439,-2.1215607803901952,0.0
440,-2.1195597798899453,0.0
441,-2.117558779389695,0.0
442,-2.115557778889445,0.0
443,-2.113556778389195,0.0
444,-2.1115557778889444,0.0
445,-2.1095547773886945,0.0
446,-2.1075537768884445,0.0
447,-2.105552776388194,0.0
448,-2.103551775887944,0.0
449,-2.101550775387694,0.0
450,-2.0995497748874437,0.0
451,-2.0975487743871937,0.0
452,-2.0955477738869437,0.0
453,-2.0935467733866933,0.0
454,-2.0915457728864433,0.0
455,-2.0895447723861933,0.0
456,-2.087543771885943,0.0
457,-2.085542771385693,0.0
458,-2.083541770885443,0.0
459,-2.0815407703851925,0.0
460,-2.0795397698849425,0.0
461,-2.0775387693846925,0.0
462,-2.075537768884442,0.0
463,-2.073536768384192,0.0
464,-2.071535767883942,0.0
465,-2.0695347673836917,0.0
466,-2.0675337668834417,0.0
467,-2.0655327663831917,0.0
468,-2.0635317658829413,0.0
469,-2.0615307653826913,0.0
470,-2.0595297648824413,0.0
471,-2.057528764382191,0.0
472,-2.055527763881941,0.0
473,-2.053526763381691,0.0
474,-2.051525762881441,0.0
475,-2.0495247623811905,0.0
476,-2.0475237618809405,0.0
477,-2.0455227613806906,0.0
478,-2.04352176088044,0.0
479,-2.04152076038019,0.0
480,-2.03951975987994,0.0
481,-2.03751875937969,0.0
482,-2.0355177588794398,0.0
483,-2.0335167583791898,0.0
484,-2.03151575787894,0.0
485,-2.0295147573786894,0.0
486,-2.0275137568784394,0.0
487,-2.0255127563781894,0.0
488,-2.023511755877939,0.0
489,-2.021510755377689,0.0
490,-2.019509754877439,0.0
491,-2.0175087543771886,0.0
492,-2.0155077538769386,0.0
493,-2.0135067533766886,0.0
494,-2.011505752876438,0.0
495,-2.009504752376188,0.0
496,-2.007503751875938,0.0
497,-2.005502751375688,0.0
498,-2.003501750875438,0.0
499,-2.001500750375188,0.0
500,-1.9994997498749376,0.0
501,-1.9974987493746874,0.0
502,-1.9954977488744372,0.0
503,-1.9934967483741872,0.0
504,-1.991495747873937,0.0
505,-1.9894947473736868,0.0
506,-1.9874937468734368,0.0
507,-1.9854927463731866,0.0
508,-1.9834917458729366,0.0
509,-1.9814907453726864,0.0
510,-1.9794897448724362,0.0
511,-1.9774887443721862,0.0
512,-1.975487743871936,0.0
513,-1.9734867433716858,0.0
514,-1.9714857428714359,0.0
515,-1.9694847423711856,0.0
516,-1.9674837418709354,0.0
517,-1.9654827413706855,0.0
518,-1.9634817408704353,0.0
519,-1.9614807403701853,0.0
520,-1.959479739869935,0.0
521,-1.9574787393696849,0.0
522,-1.9554777388694349,0.0
523,-1.9534767383691847,0.0
524,-1.9514757378689345,0.0
525,-1.9494747373686845,0.0
526,-1.9474737368684343,0.0
527,-1.945472736368184,0.0
528,-1.943471735867934,0.0
529,-1.9414707353676839,0.0
530,-1.939469734867434,0.0
531,-1.9374687343671837,0.0
532,-1.9354677338669335,0.0
533,-1.9334667333666835,0.0
534,-1.9314657328664333,0.0
535,-1.929464732366183,0.0
536,-1.9274637318659331,0.0
537,-1.925462731365683,0.0
538,-1.9234617308654327,0.0
539,-1.9214607303651827,0.0
540,-1.9194597298649325,0.0
541,-1.9174587293646823,0.0
542,-1.9154577288644323,0.0
543,-1.9134567283641821,0.0
544,-1.9114557278639321,0.0
545,-1.909454727363682,0.0
546,-1.9074537268634317,0.0
547,-1.9054527263631817,0.0
548,-1.9034517258629315,0.0
549,-1.9014507253626813,0.0
550,-1.8994497248624314,0.0
551,-1.8974487243621811,0.0
552,-1.895447723861931,0.0
553,-1.893446723361681,0.0
554,-1.8914457228614308,0.0
555,-1.8894447223611808,0.0
556,-1.8874437218609306,0.0
557,-1.8854427213606804,0.0
558,-1.8834417208604304,0.0
559,-1.8814407203601802,0.0
560,-1.87943971985993,0.0
561,-1.87743871935968,0.0
562,-1.8754377188594298,0.0
563,-1.8734367183591796,0.0
564,-1.8714357178589296,0.0
565,-1.8694347173586794,0.0
566,-1.8674337168584294,0.0
567,-1.8654327163581792,0.0
568,-1.863431715857929,0.0
569,-1.861430715357679,0.0
570,-1.8594297148574288,0.0
571,-1.8574287143571786,0.0
572,-1.8554277138569286,0.0
573,-1.8534267133566784,0.0
574,-1.8514257128564282,0.0
575,-1.8494247123561782,0.0
576,-1.847423711855928,0.0
577,-1.8454227113556778,0.0
578,-1.8434217108554278,0.0
579,-1.8414207103551776,0.0
580,-1.8394197098549276,0.0
581,-1.8374187093546774,0.0
582,-1.8354177088544272,0.0
583,-1.8334167083541772,0.0
584,-1.831415707853927,0.0
585,-1.8294147073536768,0.0
586,-1.8274137068534269,0.0
587,-1.8254127063531767,0.0
588,-1.8234117058529264,0.0
589,-1.8214107053526765,0.0
590,-1.8194097048524263,0.0
591,-1.8174087043521763,0.0
592,-1.815407703851926,0.0
593,-1.8134067033516759,0.0
594,-1.8114057028514259,0.0
595,-1.8094047023511757,0.0
596,-1.8074037018509255,0.0
597,-1.8054027013506755,0.0
598,-1.8034017008504253,0.0
599,-1.801400700350175,0.0
600,-1.799399699849925,0.0
601,-1.7973986993496749,0.0
602,-1.795397698849425,0.0
603,-1.7933966983491747,0.0
604,-1.7913956978489245,0.0
605,-1.7893946973486745,0.0
606,-1.7873936968484243,0.0
607,-1.785392696348174,0.0
608,-1.7833916958479241,0.0
609,-1.781390695347674,0.0
610,-1.7793896948474237,0.0
611,-1.7773886943471737,0.0
612,-1.7753876938469235,0.0
613,-1.7733866933466733,0.0
614,-1.7713856928464233,0.0
615,-1.7693846923461731,0.0
616,-1.7673836918459231,0.0
617,-1.765382691345673,0.0
618,-1.7633816908454227,0.0
619,-1.7613806903451728,0.0
620,-1.7593796898449225,0.0
621,-1.7573786893446723,0.0
622,-1.7553776888444224,0.0
623,-1.7533766883441722,0.0
624,-1.751375687843922,0.0
625,-1.749374687343672,0.0
626,-1.7473736868434218,0.0
627,-1.7453726863431718,0.0
628,-1.7433716858429216,0.0
629,-1.7413706853426714,0.0
630,-1.7393696848424214,0.0
631,-1.7373686843421712,0.0
632,-1.735367683841921,0.0
633,-1.733366683341671,0.0
634,-1.7313656828414208,0.0
635,-1.7293646823411706,0.0
636,-1.7273636818409206,0.0
637,-1.7253626813406704,0.0
638,-1.7233616808404204,0.0
639,-1.7213606803401702,0.0
640,-1.71935967983992,0.0
641,-1.71735867933967,0.0
642,-1.7153576788394198,0.0
643,-1.7133566783391696,0.0
644,-1.7113556778389196,0.0
645,-1.7093546773386694,0.0
646,-1.7073536768384192,0.0
647,-1.7053526763381692,0.0
648,-1.703351675837919,0.0
649,-1.701350675337669,0.0
650,-1.6993496748374188,0.0
651,-1.6973486743371686,0.0
652,-1.6953476738369186,0.0
653,-1.6933466733366684,0.0
654,-1.6913456728364182,0.0
655,-1.6893446723361683,0.0
656,-1.687343671835918,0.0
657,-1.6853426713356678,0.0
658,-1.6833416708354179,0.0
659,-1.6813406703351677,0.0
660,-1.6793396698349174,0.0
661,-1.6773386693346675,0.0
662,-1.6753376688344173,0.0
663,-1.6733366683341673,0.0
664,-1.671335667833917,0.0
665,-1.6693346673336669,0.0
666,-1.6673336668334169,0.0
667,-1.6653326663331667,0.0
668,-1.6633316658329165,0.0
669,-1.6613306653326665,0.0
670,-1.6593296648324163,0.0
671,-1.657328664332166,0.0
672,-1.655327663831916,0.0
673,-1.653326663331666,0.0
674,-1.651325662831416,0.0
675,-1.6493246623311657,0.0
676,-1.6473236618309155,0.0
677,-1.6453226613306655,0.0
678,-1.6433216608304153,0.0
679,-1.641320660330165,0.0
680,-1.6393196598299151,0.0
681,-1.637318659329665,0.0
682,-1.6353176588294147,0.0
683,-1.6333166583291647,0.0
684,-1.6313156578289145,0.0
685,-1.6293146573286645,0.0
686,-1.6273136568284143,0.0
687,-1.6253126563281641,0.0
688,-1.6233116558279141,0.0
689,-1.621310655327664,0.0
690,-1.6193096548274137,0.0
691,-1.6173086543271638,0.0
692,-1.6153076538269135,0.0
693,-1.6133066533266633,0.0
694,-1.6113056528264134,0.0
695,-1.6093046523261632,0.0
696,-1.607303651825913,0.0
697,-1.605302651325663,0.0
698,-1.6033016508254128,0.0
699,-1.6013006503251628,0.0
700,-1.5992996498249126,0.0
701,-1.5972986493246624,0.0
702,-1.5952976488244124,0.0
703,-1.5932966483241622,0.0
704,-1.591295647823912,0.0
705,-1.589294647323662,0.0
706,-1.5872936468234118,0.0
707,-1.5852926463231616,0.0
708,-1.5832916458229116,0.0
709,-1.5812906453226614,0.0
710,-1.5792896448224114,0.0
711,-1.5772886443221612,0.0
712,-1.575287643821911,0.0
713,-1.573286643321661,0.0
714,-1.5712856428214108,0.0
715,-1.5692846423211606,0.0
716,-1.5672836418209106,0.0
717,-1.5652826413206604,0.0
718,-1.5632816408204102,0.0
719,-1.5612806403201602,0.0
720,-1.55927963981991,0.0
721,-1.55727863931966,0.0
722,-1.5552776388194098,0.0
723,-1.5532766383191596,0.0
724,-1.5512756378189096,0.0
725,-1.5492746373186594,0.0
726,-1.5472736368184092,0.0
727,-1.5452726363181593,0.0
728,-1.543271635817909,0.0
729,-1.5412706353176588,0.0
730,-1.5392696348174089,0.0
731,-1.5372686343171587,0.0
732,-1.5352676338169085,0.0
733,-1.5332666333166585,0.0
734,-1.5312656328164083,0.0
735,-1.5292646323161583,0.0
736,-1.527263631815908,0.0
737,-1.5252626313156579,0.0
738,-1.5232616308154079,0.0
739,-1.5212606303151577,0.0
740,-1.5192596298149075,0.0
741,-1.5172586293146575,0.0
742,-1.5152576288144073,0.0
743,-1.513256628314157,0.0
744,-1.511255627813907,0.0
745,-1.509254627313657,0.0
746,-1.507253626813407,0.0
747,-1.5052526263131567,0.0
748,-1.5032516258129065,0.0
749,-1.5012506253126565,0.0
750,-1.4992496248124063,0.0
751,-1.497248624312156,0.0
752,-1.4952476238119061,0.0
753,-1.493246623311656,0.0
754,-1.4912456228114057,0.0
755,-1.4892446223111557,0.0
756,-1.4872436218109055,0.0
757,-1.4852426213106555,0.0
758,-1.4832416208104053,0.0
759,-1.4812406203101551,0.0
760,-1.4792396198099051,0.0
761,-1.477238619309655,0.0
762,-1.4752376188094047,0.0
763,-1.4732366183091548,0.0
764,-1.4712356178089045,0.0
765,-1.4692346173086543,0.0
766,-1.4672336168084044,0.0
767,-1.4652326163081542,0.0
768,-1.4632316158079042,0.0
769,-1.461230615307654,0.0
770,-1.4592296148074038,0.0
771,-1.4572286143071538,0.0
772,-1.4552276138069036,0.0
773,-1.4532266133066534,0.0
774,-1.4512256128064034,0.0
775,-1.4492246123061532,0.0
776,-1.447223611805903,0.0
777,-1.445222611305653,0.0
778,-1.4432216108054028,0.0
779,-1.4412206103051526,0.0
780,-1.4392196098049026,0.0
781,-1.4372186093046524,0.0
782,-1.4352176088044024,0.0
783,-1.4332166083041522,0.0
784,-1.431215607803902,0.0
785,-1.429214607303652,0.0
786,-1.4272136068034018,0.0
787,-1.4252126063031516,0.0
788,-1.4232116058029016,0.0
789,-1.4212106053026514,0.0
790,-1.4192096048024012,0.0
791,-1.4172086043021512,0.0
792,-1.415207603801901,0.0
793,-1.413206603301651,0.0
794,-1.4112056028014008,0.0
795,-1.4092046023011506,0.0
796,-1.4072036018009006,0.0
797,-1.4052026013006504,0.0
798,-1.4032016008004002,0.0
799,-1.4012006003001503,0.0
800,-1.3991995997999,0.0
801,-1.3971985992996498,0.0
802,-1.3951975987993999,0.0
803,-1.3931965982991497,0.0
804,-1.3911955977988997,0.0
805,-1.3891945972986495,0.0
806,-1.3871935967983993,0.0
807,-1.3851925962981493,0.0
808,-1.383191595797899,0.0
809,-1.3811905952976489,0.0
810,-1.3791895947973989,0.0
811,-1.3771885942971487,0.0
812,-1.3751875937968985,0.0
813,-1.3731865932966485,0.0
814,-1.3711855927963983,0.0
815,-1.369184592296148,0.0
816,-1.367183591795898,0.0
817,-1.365182591295648,0.0
818,-1.363181590795398,0.0
819,-1.3611805902951477,0.0
820,-1.3591795897948975,0.0
821,-1.3571785892946475,0.0
822,-1.3551775887943973,0.0
823,-1.353176588294147,0.0
824,-1.3511755877938971,0.0
825,-1.349174587293647,0.0
826,-1.3471735867933967,0.0
827,-1.3451725862931467,0.0
828,-1.3431715857928965,0.0
829,-1.3411705852926465,0.0
830,-1.3391695847923963,0.0
831,-1.3371685842921461,0.0
832,-1.3351675837918962,0.0
833,-1.333166583291646,0.0
834,-1.3311655827913957,0.0
835,-1.3291645822911458,0.0
836,-1.3271635817908956,0.0
837,-1.3251625812906453,0.0
838,-1.3231615807903954,0.0
839,-1.3211605802901452,0.0
840,-1.3191595797898952,0.0
841,-1.317158579289645,0.0
842,-1.3151575787893948,0.0
843,-1.3131565782891448,0.0
844,-1.3111555777888946,0.0
845,-1.3091545772886444,0.0
846,-1.3071535767883944,0.0
847,-1.3051525762881442,0.0
848,-1.303151575787894,0.0
849,-1.301150575287644,0.0
850,-1.2991495747873938,0.0
851,-1.2971485742871436,0.0
852,-1.2951475737868936,0.0
853,-1.2931465732866434,0.0
854,-1.2911455727863934,0.0
855,-1.2891445722861432,0.0
856,-1.287143571785893,0.0
857,-1.285142571285643,0.0
858,-1.2831415707853928,0.0
859,-1.2811405702851426,0.0
860,-1.2791395697848926,0.0
861,-1.2771385692846424,0.0
862,-1.2751375687843922,0.0
863,-1.2731365682841422,0.0
864,-1.271135567783892,0.0
865,-1.269134567283642,0.0
866,-1.2671335667833918,0.0
867,-1.2651325662831416,0.0
868,-1.2631315657828917,0.0
869,-1.2611305652826414,0.0
870,-1.2591295647823912,0.0
871,-1.2571285642821413,0.0
872,-1.255127563781891,0.0
873,-1.2531265632816408,0.0
874,-1.2511255627813909,0.0
875,-1.2491245622811407,0.0
876,-1.2471235617808907,0.0
877,-1.2451225612806405,0.0
878,-1.2431215607803903,0.0
879,-1.2411205602801403,0.0
880,-1.23911955977989,0.0
881,-1.2371185592796399,0.0
882,-1.23511755877939,0.0
883,-1.2331165582791397,0.0
884,-1.2311155577788895,0.0
885,-1.2291145572786395,0.0
886,-1.2271135567783893,0.0
887,-1.225112556278139,0.0
888,-1.223111555777889,0.0
889,-1.221110555277639,0.0
890,-1.219109554777389,0.0
891,-1.2171085542771387,0.0
892,-1.2151075537768885,0.0
893,-1.2131065532766385,0.0
894,-1.2111055527763883,0.0
895,-1.2091045522761381,0.0
896,-1.2071035517758881,0.0
897,-1.205102551275638,0.0
898,-1.2031015507753877,0.0
899,-1.2011005502751377,0.0
900,-1.1990995497748875,0.0
901,-1.1970985492746375,0.0
902,-1.1950975487743873,0.0
903,-1.1930965482741371,0.0
904,-1.1910955477738872,0.0
905,-1.189094547273637,0.0
906,-1.1870935467733867,0.0
907,-1.1850925462731368,0.0
908,-1.1830915457728866,0.0
909,-1.1810905452726363,0.0
910,-1.1790895447723864,0.0
911,-1.1770885442721362,0.0
912,-1.1750875437718862,0.0
913,-1.173086543271636,0.0
914,-1.1710855427713858,0.0
915,-1.1690845422711358,0.0
916,-1.1670835417708856,0.0
917,-1.1650825412706354,0.0
918,-1.1630815407703854,0.0
919,-1.1610805402701352,0.0
920,-1.159079539769885,0.0
921,-1.157078539269635,0.0
922,-1.1550775387693848,0.0
923,-1.1530765382691348,0.0
924,-1.1510755377688846,0.0
925,-1.1490745372686344,0.0
926,-1.1470735367683844,0.0
927,-1.1450725362681342,0.0
928,-1.143071535767884,0.0
929,-1.141070535267634,0.0
930,-1.1390695347673838,0.0
931,-1.1370685342671336,0.0
932,-1.1350675337668836,0.0
933,-1.1330665332666334,0.0
934,-1.1310655327663832,0.0
935,-1.1290645322661332,0.0
936,-1.127063531765883,0.0
937,-1.125062531265633,0.0
938,-1.1230615307653828,0.0
939,-1.1210605302651326,0.0
940,-1.1190595297648827,0.0
941,-1.1170585292646324,0.0
942,-1.1150575287643822,0.0
943,-1.1130565282641323,0.0
944,-1.111055527763882,0.0
945,-1.1090545272636319,0.0
946,-1.1070535267633819,0.0
947,-1.1050525262631317,0.0
948,-1.1030515257628817,0.0
949,-1.1010505252626315,0.0
950,-1.0990495247623813,0.0
951,-1.0970485242621313,0.0
952,-1.095047523761881,0.0
953,-1.0930465232616309,0.0
954,-1.091045522761381,0.0
955,-1.0890445222611307,0.0
956,-1.0870435217608805,0.0
957,-1.0850425212606305,0.0
958,-1.0830415207603803,0.0
959,-1.0810405202601303,0.0
960,-1.07903951975988,0.0
961,-1.07703851925963,0.0
962,-1.07503751875938,0.0
963,-1.0730365182591297,0.0
964,-1.0710355177588795,0.0
965,-1.0690345172586295,0.0
966,-1.0670335167583793,0.0
967,-1.0650325162581291,0.0
968,-1.0630315157578791,0.0
969,-1.061030515257629,0.0
970,-1.0590295147573787,0.0
971,-1.0570285142571287,0.0
972,-1.0550275137568785,0.0
973,-1.0530265132566285,0.0
974,-1.0510255127563783,0.0
975,-1.0490245122561281,0.0
976,-1.0470235117558782,0.0
977,-1.045022511255628,0.0
978,-1.0430215107553777,0.0
979,-1.0410205102551278,0.0
980,-1.0390195097548776,0.0
981,-1.0370185092546274,0.0
982,-1.0350175087543774,0.0
983,-1.0330165082541272,0.0
984,-1.0310155077538772,0.0
985,-1.029014507253627,0.0
986,-1.0270135067533768,0.0
987,-1.0250125062531268,0.0
988,-1.0230115057528766,0.0
989,-1.0210105052526264,0.0
990,-1.0190095047523764,0.0
991,-1.0170085042521262,0.0
992,-1.015007503751876,0.0
993,-1.013006503251626,0.0
994,-1.0110055027513758,0.0
995,-1.0090045022511258,0.0
996,-1.0070035017508756,0.0
997,-1.0050025012506254,0.0
998,-1.0030015007503754,0.0
999,-1.0010005002501252,0.0
1000,-0.9989994997498752,0.0
1001,-0.9969984992496248,0.0
1002,-0.9949974987493748,0.0
1003,-0.9929964982491248,0.0
1004,-0.9909954977488744,0.0
1005,-0.9889944972486244,0.0
1006,-0.9869934967483744,0.0
1007,-0.984992496248124,0.0
1008,-0.982991495747874,0.0
1009,-0.980990495247624,0.0
1010,-0.9789894947473736,0.0
1011,-0.9769884942471236,0.0
1012,-0.9749874937468737,0.0
1013,-0.9729864932466237,0.0
1014,-0.9709854927463732,0.0
1015,-0.9689844922461233,0.0
1016,-0.9669834917458733,0.0
1017,-0.9649824912456229,0.0
1018,-0.9629814907453729,0.0
1019,-0.9609804902451229,0.0
1020,-0.9589794897448725,0.0
1021,-0.9569784892446225,0.0
1022,-0.9549774887443725,0.0
1023,-0.9529764882441221,0.0
1024,-0.9509754877438721,0.0
1025,-0.9489744872436221,0.0
1026,-0.9469734867433717,0.0
1027,-0.9449724862431217,0.0
1028,-0.9429714857428717,0.0
1029,-0.9409704852426213,0.0
1030,-0.9389694847423713,0.0
1031,-0.9369684842421213,0.0
1032,-0.9349674837418709,0.0
1033,-0.9329664832416209,0.0
1034,-0.9309654827413709,0.0
1035,-0.9289644822411205,0.0
1036,-0.9269634817408705,0.0
1037,-0.9249624812406205,0.0
1038,-0.9229614807403705,0.0
1039,-0.9209604802401201,0.0
1040,-0.9189594797398701,0.0
1041,-0.9169584792396202,0.0
1042,-0.9149574787393697,0.0
1043,-0.9129564782391197,0.0
1044,-0.9109554777388698,0.0
1045,-0.9089544772386193,0.0
1046,-0.9069534767383693,0.0
1047,-0.9049524762381194,0.0
1048,-0.9029514757378689,0.0
1049,-0.900950475237619,0.0
1050,-0.898949474737369,0.0
1051,-0.8969484742371185,0.0
1052,-0.8949474737368686,0.0
1053,-0.8929464732366186,0.0
1054,-0.8909454727363681,0.0
1055,-0.8889444722361182,0.0
1056,-0.8869434717358682,0.0
1057,-0.8849424712356178,0.0
1058,-0.8829414707353678,0.0
1059,-0.8809404702351178,0.0
1060,-0.8789394697348678,0.0
1061,-0.8769384692346174,0.0
1062,-0.8749374687343674,0.0
1063,-0.8729364682341174,0.0
1064,-0.870935467733867,0.0
1065,-0.868934467233617,0.0
1066,-0.866933466733367,0.0
1067,-0.8649324662331166,0.0
1068,-0.8629314657328666,0.0
1069,-0.8609304652326166,0.0
1070,-0.8589294647323662,0.0
1071,-0.8569284642321162,0.0
1072,-0.8549274637318662,0.0
1073,-0.8529264632316158,0.0
1074,-0.8509254627313658,0.0
1075,-0.8489244622311158,0.0
1076,-0.8469234617308654,0.0
1077,-0.8449224612306154,0.0
1078,-0.8429214607303654,0.0
1079,-0.840920460230115,0.0
1080,-0.838919459729865,0.0
1081,-0.836918459229615,0.0
1082,-0.8349174587293646,0.0
1083,-0.8329164582291146,0.0
1084,-0.8309154577288647,0.0
1085,-0.8289144572286147,0.0
1086,-0.8269134567283642,0.0
1087,-0.8249124562281143,0.0
1088,-0.8229114557278643,0.0
1089,-0.8209104552276139,0.0
1090,-0.8189094547273639,0.0
1091,-0.8169084542271139,0.0
1092,-0.8149074537268635,0.0
1093,-0.8129064532266135,0.0
1094,-0.8109054527263635,0.0
1095,-0.8089044522261131,0.0
1096,-0.8069034517258631,0.0
1097,-0.8049024512256131,0.0
1098,-0.8029014507253627,0.0
1099,-0.8009004502251127,0.0
1100,-0.7988994497248627,0.0
1101,-0.7968984492246123,0.0
1102,-0.7948974487243623,0.0
1103,-0.7928964482241123,0.0
1104,-0.7908954477238619,0.0
1105,-0.7888944472236119,0.0
1106,-0.7868934467233619,0.0
1107,-0.7848924462231115,0.0
1108,-0.7828914457228615,0.0
1109,-0.7808904452226115,0.0
1110,-0.7788894447223615,0.0
1111,-0.7768884442221111,0.0
1112,-0.7748874437218611,0.0
1113,-0.7728864432216112,0.0
1114,-0.7708854427213607,0.0
1115,-0.7688844422211107,0.0
1116,-0.7668834417208608,0.0
1117,-0.7648824412206103,0.0
1118,-0.7628814407203603,0.0
1119,-0.7608804402201104,0.0
1120,-0.7588794397198599,0.0
1121,-0.75687843921961,0.0
1122,-0.75487743871936,0.0
1123,-0.7528764382191095,0.0
1124,-0.7508754377188596,0.0
1125,-0.7488744372186096,0.0
1126,-0.7468734367183592,0.0
1127,-0.7448724362181092,0.0
1128,-0.7428714357178592,0.0
1129,-0.7408704352176088,0.0
1130,-0.7388694347173588,0.0
1131,-0.7368684342171088,0.0
1132,-0.7348674337168588,0.0
1133,-0.7328664332166084,0.0
1134,-0.7308654327163584,0.0
1135,-0.7288644322161084,0.0
1136,-0.726863431715858,0.0
1137,-0.724862431215608,0.0
1138,-0.722861430715358,0.0
1139,-0.7208604302151076,0.0
1140,-0.7188594297148576,0.0
1141,-0.7168584292146076,0.0
1142,-0.7148574287143572,0.0
1143,-0.7128564282141072,0.0
1144,-0.7108554277138572,0.0
1145,-0.7088544272136068,0.0
1146,-0.7068534267133568,0.0
1147,-0.7048524262131068,0.0
1148,-0.7028514257128564,0.0
1149,-0.7008504252126064,0.0
1150,-0.6988494247123564,0.0
1151,-0.696848424212106,0.0
1152,-0.694847423711856,0.0
1153,-0.692846423211606,0.0
1154,-0.6908454227113556,0.0
1155,-0.6888444222111056,0.0
1156,-0.6868434217108557,0.0
1157,-0.6848424212106057,0.0
1158,-0.6828414207103553,0.0
1159,-0.6808404202101053,0.0
1160,-0.6788394197098553,0.0
1161,-0.6768384192096049,0.0
1162,-0.6748374187093549,0.0
1163,-0.6728364182091049,0.0
1164,-0.6708354177088545,0.0
1165,-0.6688344172086045,0.0
1166,-0.6668334167083545,0.0
1167,-0.6648324162081041,0.0
1168,-0.6628314157078541,0.0
1169,-0.6608304152076041,0.0
1170,-0.6588294147073537,0.0
1171,-0.6568284142071037,0.0
1172,-0.6548274137068537,0.0
1173,-0.6528264132066033,0.0
1174,-0.6508254127063533,0.0
1175,-0.6488244122061033,0.0
1176,-0.6468234117058529,0.0
1177,-0.6448224112056029,0.0
1178,-0.6428214107053529,0.0
1179,-0.6408204102051029,0.0
1180,-0.6388194097048525,0.0
1181,-0.6368184092046025,0.0
1182,-0.6348174087043525,0.0
1183,-0.6328164082041021,0.0
1184,-0.6308154077038521,0.0
1185,-0.6288144072036022,0.0
1186,-0.6268134067033517,0.0
1187,-0.6248124062031017,0.0
1188,-0.6228114057028518,0.0
1189,-0.6208104052026013,0.0
1190,-0.6188094047023514,0.0
1191,-0.6168084042021014,0.0
1192,-0.6148074037018509,0.0
1193,-0.612806403201601,0.0
1194,-0.610805402701351,0.0
1195,-0.6088044022011005,0.0
1196,-0.6068034017008506,0.0
1197,-0.6048024012006006,0.0
1198,-0.6028014007003502,0.0
1199,-0.6008004002001002,0.0
1200,-0.5987993996998502,0.0
1201,-0.5967983991995998,0.0
1202,-0.5947973986993498,0.0
1203,-0.5927963981990998,0.0
1204,-0.5907953976988498,0.0
1205,-0.5887943971985994,0.0
1206,-0.5867933966983494,0.0
1207,-0.5847923961980994,0.0
1208,-0.582791395697849,0.0
1209,-0.580790395197599,0.0
1210,-0.578789394697349,0.0
1211,-0.5767883941970986,0.0
1212,-0.5747873936968486,0.0
1213,-0.5727863931965986,0.0
1214,-0.5707853926963482,0.0
1215,-0.5687843921960982,0.0
1216,-0.5667833916958482,0.0
1217,-0.5647823911955978,0.0
1218,-0.5627813906953478,0.0
1219,-0.5607803901950978,0.0
1220,-0.5587793896948474,0.0
1221,-0.5567783891945974,0.0
1222,-0.5547773886943475,0.0
1223,-0.552776388194097,0.0
1224,-0.550775387693847,0.0
1225,-0.5487743871935971,0.0
1226,-0.5467733866933466,0.0
1227,-0.5447723861930966,0.0
1228,-0.5427713856928467,0.0
1229,-0.5407703851925967,0.0
1230,-0.5387693846923463,0.0
1231,-0.5367683841920963,0.0
1232,-0.5347673836918463,0.0
1233,-0.5327663831915959,0.0
1234,-0.5307653826913459,0.0
1235,-0.5287643821910959,0.0
1236,-0.5267633816908455,0.0
1237,-0.5247623811905955,0.0
1238,-0.5227613806903455,0.0
1239,-0.5207603801900951,0.0
1240,-0.5187593796898451,0.0
1241,-0.5167583791895951,0.0
1242,-0.5147573786893447,0.0
1243,-0.5127563781890947,0.0
1244,-0.5107553776888447,0.0
1245,-0.5087543771885943,0.0
1246,-0.5067533766883443,0.0
1247,-0.5047523761880943,0.0
1248,-0.5027513756878439,0.0
1249,-0.5007503751875939,0.0
1250,-0.4987493746873439,0.0
1251,-0.49674837418709394,0.0
1252,-0.4947473736868435,0.0
1253,-0.49274637318659353,0.0
1254,-0.49074537268634355,0.0
1255,-0.4887443721860931,0.0
1256,-0.48674337168584314,0.0
1257,-0.48474237118559316,0.0
1258,-0.48274137068534273,0.0
1259,-0.48074037018509275,0.0
1260,-0.47873936968484276,0.0
1261,-0.47673836918459234,0.0
1262,-0.47473736868434235,0.0
1263,-0.47273636818409237,0.0
1264,-0.47073536768384194,0.0
1265,-0.46873436718359196,0.0
1266,-0.466733366683342,0.0
1267,-0.46473236618309155,0.0
1268,-0.46273136568284157,0.0
1269,-0.4607303651825916,0.0
1270,-0.45872936468234116,0.0
1271,-0.4567283641820912,0.0
1272,-0.4547273636818412,0.0
1273,-0.45272636318159076,0.0
1274,-0.4507253626813408,0.0
1275,-0.4487243621810908,0.0
1276,-0.4467233616808408,0.0
1277,-0.4447223611805904,0.0
1278,-0.4427213606803404,0.0
1279,-0.4407203601800904,0.0
1280,-0.43871935967984,0.0
1281,-0.43671835917959,0.0
1282,-0.43471735867934,0.0
1283,-0.4327163581790896,0.0
1284,-0.4307153576788396,0.0
1285,-0.42871435717858963,0.0
1286,-0.4267133566783392,0.0
1287,-0.4247123561780892,0.0
1288,-0.42271135567783924,0.0
1289,-0.4207103551775888,0.0
1290,-0.41870935467733883,0.0
1291,-0.41670835417708885,0.0
1292,-0.4147073536768384,0.0
1293,-0.41270635317658844,0.0
1294,-0.41070535267633845,0.0
1295,-0.408704352176088,0.0
1296,-0.40670335167583804,0.0
1297,-0.40470235117558806,0.0
1298,-0.4027013506753381,0.0
1299,-0.40070035017508765,0.0
1300,-0.39869934967483767,0.0
1301,-0.3966983491745877,0.0
1302,-0.39469734867433726,0.0
1303,-0.3926963481740873,0.0
1304,-0.3906953476738373,0.0
1305,-0.38869434717358686,0.0
1306,-0.3866933466733369,0.0
1307,-0.3846923461730869,0.0
1308,-0.38269134567283647,0.0
1309,-0.3806903451725865,0.0
1310,-0.3786893446723365,0.0
1311,-0.3766883441720861,0.0
1312,-0.3746873436718361,0.0
1313,-0.3726863431715861,0.0
1314,-0.3706853426713357,0.0
1315,-0.3686843421710857,0.0
1316,-0.3666833416708357,0.0
1317,-0.3646823411705853,0.0
1318,-0.3626813406703353,0.0
1319,-0.3606803401700853,0.0
1320,-0.3586793396698349,0.0
1321,-0.3566783391695849,0.0
1322,-0.35467733866933493,0.0
1323,-0.35267633816908495,0.0
1324,-0.3506753376688345,0.0
1325,-0.34867433716858454,0.0
1326,-0.34667333666833455,0.0
1327,-0.3446723361680841,0.0
1328,-0.34267133566783414,0.0
1329,-0.34067033516758416,1.853e-321
1330,-0.33866933466733373,9.201495e-317
1331,-0.33666833416708375,4.189990698633e-312
1332,-0.33466733366683377,1.7640243669413877e-307
1333,-0.33266633316658334,6.997786463477596e-303
1334,-0.33066533266633336,2.6785133793677302e-298
1335,-0.3286643321660834,1.0175080306903678e-293
1336,-0.32666333166583295,3.960007428565731e-289
1337,-0.32466233116558296,1.609323654798829e-284
1338,-0.322661330665333,6.721420552525454e-280
1339,-0.32066033016508255,2.7436466763759215e-275
1340,-0.31865932966483257,1.0319366365645817e-270
1341,-0.3166583291645826,3.4215445595032894e-266
1342,-0.31465732866433216,9.775642517983151e-262
1343,-0.3126563281640822,2.3936494962065243e-257
1344,-0.3106553276638322,5.047018309238004e-253
1345,-0.30865432716358177,9.240878272387814e-249
1346,-0.3066533266633318,1.480018323529014e-244
1347,-0.3046523261630818,2.0817551373295118e-240
1348,-0.3026513256628318,2.574273429678875e-236
1349,-0.3006503251625814,2.799289574374257e-232
1350,-0.2986493246623314,2.6819712387757577e-228
1351,-0.2966483241620814,2.2756861472764836e-224
1352,-0.294647323661831,1.7239024549388676e-220
1353,-0.292646323161581,1.1759657440674676e-216
1354,-0.29064532266133103,7.264824042184935e-213
1355,-0.2886443221610806,4.0636816553128606e-209
1356,-0.2866433216608306,2.044613368910363e-205
1357,-0.28464232116058064,9.154627892629939e-202
1358,-0.2826413206603302,3.606992672255033e-198
1359,-0.2806403201600802,1.2398286891163226e-194
1360,-0.27863931965983024,3.6992528249450393e-191
1361,-0.2766383191595798,9.560590700146952e-188
1362,-0.27463731865932983,2.1383947614557472e-184
1363,-0.27263631815907985,4.1353778447266005e-181
1364,-0.2706353176588294,6.90729302625756e-178
1365,-0.26863431715857944,9.962452584589576e-175
1366,-0.26663331665832946,1.242850190528587e-171
1367,-0.26463231615807903,1.3464973597682613e-168
1368,-0.26263131565782905,1.2742092106787041e-165
1369,-0.26063031515757906,1.0598344358662091e-162
1370,-0.2586293146573291,7.788565498213925e-160
1371,-0.25662831415707865,5.073388091431709e-157
1372,-0.25462731365682867,2.9330107463095098e-154
1373,-0.2526263131565787,1.5050462871143175e-151
1374,-0.25062531265632826,6.853720038822973e-149
1375,-0.24862431215607828,2.7698627892643823e-146
1376,-0.2466233116558283,9.937925756239278e-144
1377,-0.24462231115557787,3.167144531503354e-141
1378,-0.24262131065532788,8.970375474063212e-139
1379,-0.2406203101550779,2.2590442487546746e-136
1380,-0.23861930965482747,5.060547958456462e-134
1381,-0.2366183091545775,1.0090605801245112e-131
1382,-0.2346173086543275,1.7934135367775846e-129
1383,-0.23261630815407708,2.8486879062677907e-127
1384,-0.2306153076538271,4.061970299916717e-125
1385,-0.2286143071535771,5.232522845104348e-123
1386,-0.22661330665332668,6.1374746313665015e-121
1387,-0.2246123061530767,6.610793050223971e-119
1388,-0.22261130565282672,6.589209486795408e-117
1389,-0.2206103051525763,6.109509039552135e-115
1390,-0.2186093046523263,5.276885247943401e-113
1391,-0.21660830415207633,4.232169601770976e-111
1392,-0.2146073036518259,3.1285965587027393e-109
1393,-0.21260630315157591,2.1103387241656948e-107
1394,-0.21060530265132593,1.2852191314743499e-105
1395,-0.20860430215107595,7.004479409889429e-104
1396,-0.20660330165082552,3.3970477396295972e-102
1397,-0.20460230115057554,1.463282046467027e-100
1398,-0.20260130065032556,5.606009816352069e-99
1399,-0.20060030015007513,1.9173822543625033e-97
1400,-0.19859929964982515,5.894198709253466e-96
1401,-0.19659829914957516,1.669477157005949e-94
1402,-0.19459729864932473,5.0701512242846975e-93
1403,-0.19259629814907475,2.815292450566268e-91
1404,-0.19059529764882477,3.3041648786532935e-89
1405,-0.18859429714857434,4.592016296072594e-87
1406,-0.18659329664832436,5.960511134946799e-85
1407,-0.18459229614807438,6.958519704134663e-83
1408,-0.18259129564782395,7.284715491460639e-81
1409,-0.18059029514757396,6.865533903269416e-79
1410,-0.17858929464732398,5.867377150590769e-77
1411,-0.17658829414707355,4.591385843524821e-75
1412,-0.17458729364682357,3.327121910443254e-73
1413,-0.1725862931465736,2.2582543634530918e-71
1414,-0.17058529264632316,1.449775406792011e-69
1415,-0.16858429214607318,8.860145386881683e-68
1416,-0.1665832916458232,5.164669616436589e-66
1417,-0.1645822911455732,2.8639932215842147e-64
1418,-0.16258129064532278,1.5014432640824022e-62
1419,-0.1605802901450728,7.379489870191818e-61
1420,-0.15857928964482282,3.3709648299926402e-59
1421,-0.1565782891445724,1.4206597332704775e-57
1422,-0.1545772886443224,5.497884591115771e-56
1423,-0.15257628814407243,1.9518395816969255e-54
1424,-0.150575287643822,6.377180048201471e-53
1425,-0.14857428714357201,1.9307598917401072e-51
1426,-0.14657328664332203,5.462439529533837e-50
1427,-0.1445722861430716,1.453306172934886e-48
1428,-0.14257128564282162,3.6394767671208386e-47
1429,-0.14057028514257164,8.534094329087815e-46
1430,-0.1385692846423212,1.8572640567025564e-44
1431,-0.13656828414207123,3.7195525473894905e-43
1432,-0.13456728364182124,6.819737327695158e-42
1433,-0.13256628314157082,1.1442611352650377e-40
1434,-0.13056528264132083,1.765134953837679e-39
1435,-0.12856428214107085,2.5277900981209393e-38
1436,-0.12656328164082042,3.411411191225233e-37
1437,-0.12456228114057044,4.429589172934683e-36
1438,-0.12256128064032046,5.679014100002461e-35
1439,-0.12056028014007003,7.384214193833239e-34
1440,-0.11855927963982005,9.91606757421685e-33
1441,-0.11655827913957006,1.374777175460069e-31
1442,-0.11455727863932008,1.930598762177131e-30
1443,-0.11255627813906965,2.6706550779495246e-29
1444,-0.11055527763881967,3.544932058337245e-28
1445,-0.10855427713856969,4.4248525431740224e-27
1446,-0.10655327663831926,5.120232119499868e-26
1447,-0.10455227613806928,5.43764872786512e-25
1448,-0.1025512756378193,5.261109929874607e-24
1449,-0.10055027513756887,4.6120917278706665e-23
1450,-0.09854927463731888,3.6483255580046847e-22
1451,-0.0965482741370689,2.5966998326273136e-21
1452,-0.09454727363681847,1.6602234837461507e-20
1453,-0.09254627313656849,9.532807065406852e-20
1454,-0.09054527263631851,4.924441063845994e-19
1455,-0.08854427213606808,2.3006106107310773e-18
1456,-0.0865432716358181,9.830611204514097e-18
1457,-0.08454227113556811,3.924045482559316e-17
1458,-0.08254127063531769,1.5131118185836677e-16
1459,-0.0805402701350677,5.870907741609099e-16
1460,-0.07853926963481772,2.3606000526864032e-15
1461,-0.0765382691345673,9.827427619530003e-15
1462,-0.07453726863431731,4.122270073338852e-14
1463,-0.07253626813406733,1.685909864580033e-13
1464,-0.0705352676338169,6.557365830165748e-13
1465,-0.06853426713356692,2.3892858765276207e-12
1466,-0.06653326663331693,8.09024886653442e-12
1467,-0.06453226613306695,2.5366627357623625e-11
1468,-0.06253126563281652,7.359701824307488e-11
1469,-0.06053026513256654,1.9780381434679953e-10
1470,-0.05852926463231656,4.935480233943459e-10
1471,-0.05652826413206613,1.146391334373822e-09
1472,-0.05452726363181615,2.4867845703151743e-09
1473,-0.052526263131566164,5.058800641768365e-09
1474,-0.05052526263131574,9.709993954256474e-09
1475,-0.048524262131065754,1.7750383680435334e-08
1476,-0.04652326163081577,3.131342340802075e-08
1477,-0.044522261130565344,5.414509474915066e-08
1478,-0.04252126063031536,9.304097892839e-08
1479,-0.04052026013006538,1.5992366635841003e-07
1480,-0.03851925962981495,2.74114753722769e-07
1481,-0.03651825912956497,4.639547933421247e-07
1482,-0.034517258629314984,7.669803042746149e-07
1483,-0.03251625812906456,1.2288572113890085e-06
1484,-0.030515257628814574,1.9038405823313512e-06
1485,-0.02851425712856459,2.864577718785394e-06
1486,-0.026513256628314164,4.23689041613189e-06
1487,-0.02451225612806418,6.28392364809154e-06
1488,-0.022511255627814197,9.57116942350295e-06
1489,-0.020510255127564214,1.5254765956870177e-05
1490,-0.018509254627313787,2.5576670144699197e-05
1491,-0.016508254127063804,4.4777591217331204e-05
1492,-0.01450725362681382,8.094175449117328e-05
1493,-0.012506253126563394,0.00014991481724502837
1494,-0.01050525262631341,0.0002836504827789318
1495,-0.008504252126063427,0.0005475660895872738
1496,-0.006503251625813,0.0010752739775743369
1497,-0.004502251125563017,0.0021350572895158845
1498,-0.002501250625313034,0.004251990911291887
1499,-0.0005002501250626068,0.008426981253460907
1500,0.0015007503751873763,0.016531434922156148
1501,0.0035017508754373594,0.032039703241399736
1502,0.005502751375687787,0.06143257711887506
1503,0.00750375187593777,0.11691461680923011
1504,0.009504752376187753,0.22157362076517811
1505,0.01150575287643818,0.4187440746724916
1506,0.013506753376688163,0.7879309571290959
1507,0.015507753876938146,1.469779452328382
1508,0.017508754377188573,2.701657921360381
1509,0.019509754877438557,4.863052215687325
1510,0.02151075537768854,8.5262555025095
1511,0.023511755877938967,14.503398955644835
1512,0.02551275637818895,23.877107616381473
1513,0.027513756878438933,38.00295153460191
1514,0.029514757378688916,58.48573585274106
1515,0.03151575787893934,87.16668479651891
1516,0.033516758379189326,126.2080966023525
1517,0.03551775887943931,178.39331708330275
1518,0.03751875937968974,247.73135911125814
1519,0.03951975987993972,340.3614513304023
1520,0.0415207603801897,465.64272138938304
1521,0.04352176088044013,637.2440215329135
1522,0.04552276138069011,874.012178825753
1523,0.047523761880940096,1200.3320127661352
1524,0.049524762381190524,1645.5778202394488
1525,0.05152576288144051,2242.2143109136628
1526,0.05352676338169049,3022.4018573019334
1527,0.05552776388194092,4013.829832095839
1528,0.0575287643821909,5236.766990713885
1529,0.05952976488244088,6705.167613484506
1530,0.06153076538269131,8434.179683095099
1531,0.0635317658829413,10454.585158735263
1532,0.06553276638319128,12832.71346482552
1533,0.0675337668834417,15693.19887297239
1534,0.06953476738369169,19241.37317245125
1535,0.07153576788394167,23781.41090295724
1536,0.07353676838419165,29725.768903175205
1537,0.07553776888444208,37591.84816004025
1538,0.07753876938469206,47983.19067716283
1539,0.07953976988494205,61553.39406568222
1540,0.08154077038519247,78949.42410694392
1541,0.08354177088544246,100727.48510256963
1542,0.08554277138569244,127233.81625856824
1543,0.08754377188594287,158453.12975532826
1544,0.08954477238619285,193854.87884280746
1545,0.09154577288644283,232304.71372860327
1546,0.09354677338669326,272127.2054453414
1547,0.09554777388694324,311370.9797448509
1548,0.09754877438719323,348235.5516770424
1549,0.09954977488744365,381525.17519394966
1550,0.10155077538769364,410974.04955441575
1551,0.10355177588794362,437358.6017493385
1552,0.10555277638819405,462419.5645896073
1553,0.10755377688844403,488686.5358722985
1554,0.10955477738869401,519300.10435521277
1555,0.11155577788894444,557873.580296972
1556,0.11355677838919442,608357.6714942734
1557,0.1155577788894444,674799.9178790977
1558,0.11755877938969483,760856.0679240543
1559,0.11955977988994482,868939.7628035215
1560,0.1215607803901948,999020.6530121026
1561,0.12356178089044478,1147321.594350789
1562,0.1255627813906952,1305475.7684528723
1563,0.1275637818909452,1460893.834849649
1564,0.12956478239119518,1598864.9326253925
1565,0.1315657828914456,1706133.2728882916
1566,0.1335667833916956,1774688.1603930297
1567,0.13556778389194557,1804030.149571781
1568,0.137568784392196,1800772.0863148444
1569,0.13956978489244598,1775809.815462832
1570,0.14157078539269596,1740490.220566951
1571,0.1435717858929464,1703439.6233972993
1572,0.14557278639319637,1669031.650834239
1573,0.14757378689344636,1637518.8967148561
1574,0.14957478739369678,1606232.237302161
1575,0.15157578789394677,1571131.0884145738
1576,0.15357678839419675,1528184.925298002
1577,0.15557778889444718,1474338.6786348002
1578,0.15757878939469716,1408023.3270358392
1579,0.15957978989494714,1329282.2814737754
1580,0.16158079039519757,1239613.0581366713
1581,0.16358179089544755,1141612.1508067588
1582,0.16558279139569754,1038496.4551926398
1583,0.16758379189594796,933580.3468793663
1584,0.16958479239619795,829815.7084992153
1585,0.17158579289644793,729519.1070288187
1586,0.1735867933966979,634358.2684085974
1587,0.17558779389694834,545540.1506137392
1588,0.17758879439719832,464027.45101798035
1589,0.1795897948974483,390621.94476645795
1590,0.18159079539769873,325886.12274440896
1591,0.18359179589794872,270003.9037748705
1592,0.1855927963981987,222704.5736594556
1593,0.18759379689844913,183305.27086072523
1594,0.1895947973986991,150846.1183443929
1595,0.1915957978989491,124254.443760991
1596,0.19359679839919952,102483.48941402449
1597,0.1955977988994495,84600.92018473265
1598,0.1975987993996995,69828.62540070931
1599,0.19959979989994991,57547.41097832201
1600,0.2016008004001999,47280.75452509834
1601,0.20360180090044988,38668.23160220733
1602,0.2056028014007003,31436.367184491035
1603,0.2076038019009503,25372.796932636884
1604,0.20960480240120027,20307.153354818784
1605,0.2116058029014507,16098.833111241749
1606,0.21360680340170068,12629.358625995106
1607,0.21560780390195067,9796.78250794994
1608,0.21760880440220065,7511.013880167286
1609,0.21960980490245108,5690.350846150599
1610,0.22161080540270106,4259.74083132584
1611,0.22361180590295104,3150.642619929919
1612,0.22561280640320147,2301.7663804384306
1613,0.22761380690345145,1659.9029718481916
1614,0.22961480740370144,1180.3314664480633
1615,0.23161580790395186,826.580899354857
1616,0.23361680840420185,569.5458570388093
1617,0.23561780890445183,386.17989085719336
1618,0.23761880940470226,258.1518659348122
1619,0.23961980990495224,170.80407151330874
1620,0.24162081040520222,112.51028771019034
1621,0.24362181090545265,74.2952971853851
1622,0.24562281140570263,49.512176300371564
1623,0.24762381190595262,33.46454508980844
1624,0.24962481240620304,22.980053978118317
1625,0.25162581290645303,15.99760420284415
1626,0.253626813406703,11.221329456140557
1627,0.25562781390695344,7.859773574854973
1628,0.2576288144072034,5.441508198570477
1629,0.2596298149074534,3.6884532823967535
1630,0.26163081540770383,2.4306274017265124
1631,0.2636318159079538,1.5521657280260739
1632,0.2656328164082038,0.962010828408362
1633,0.2676338169084538,0.5826061908024897
1634,0.2696348174087042,0.34876434798578493
1635,0.2716358179089542,0.2094686083122718
1636,0.2736368184092042,0.1282487693194861
1637,0.2756378189094546,0.08119595868267761
1638,0.2776388194097046,0.05370529562949655
1639,0.27963981990995457,0.0372814173518794
1640,0.281640820410205,0.027108884411366874
1641,0.283641820910455,0.020475904810004983
1642,0.28564282141070496,0.01585261915695248
1643,0.2876438219109554,0.012383031493334865
1644,0.28964482241120537,0.009607196272722501
1645,0.29164582291145535,0.007301327924904168
1646,0.2936468234117058,0.00537597614849904
1647,0.29564782391195576,0.0038046625042983634
1648,0.29764882441220575,0.0025748670594312063
1649,0.2996498249124562,0.0016615313742611153
1650,0.30165082541270616,0.0010209024846441195
1651,0.30365182591295614,0.0005971187448047436
1652,0.30565282641320657,0.00033269936526060854
1653,0.30765382691345655,0.00017699800521556186
1654,0.30965482741370653,9.04156921677668e-05
1655,0.31165582791395696,4.485999873940767e-05
1656,0.31365682841420695,2.204456992519593e-05
1657,0.31565782891445693,1.102680901621829e-05
1658,0.3176588294147069,5.789928985160188e-06
1659,0.31965982991495734,3.2755368664086315e-06
1660,0.3216608304152073,2.021583126632695e-06
1661,0.3236618309154573,1.3531382795095217e-06
1662,0.32566283141570773,9.605384911537472e-07
1663,0.3276638319159577,6.999863786575593e-07
1664,0.3296648324162077,5.051850565289e-07
1665,0.3316658329164581,3.488466780629735e-07
1666,0.3336668334167081,2.2375213991514218e-07
1667,0.3356678339169581,1.3030855796442408e-07
1668,0.3376688344172085,6.789560742630491e-08
1669,0.3396698349174585,3.144409596272394e-08
1670,0.3416708354177085,1.2963718928368916e-08
1671,0.3436718359179589,4.802552756203427e-09
1672,0.3456728364182089,1.6258594789874327e-09
1673,0.3476738369184589,5.148381264585734e-10
1674,0.3496748374187093,1.5662401964180946e-10
1675,0.3516758379189593,4.693515934297995e-11
1676,0.35367683841920927,1.4094985807899191e-11
1677,0.3556778389194597,4.266541412766023e-12
1678,0.3576788394197097,1.2951808095527563e-12
1679,0.35967983991995967,3.894847898876164e-13
1680,0.36168084042020965,1.1428948697552972e-13
1681,0.3636818409204601,3.2255465382308206e-14
1682,0.36568284142071006,8.649627857605121e-15
1683,0.36768384192096004,2.182385915142435e-15
1684,0.36968484242121047,5.139589216045978e-16
1685,0.37168584292146045,1.1223424507504577e-16
1686,0.37368684342171044,2.2607426897178116e-17
1687,0.37568784392196086,4.183236130017792e-18
1688,0.37768884442221085,7.081878674707092e-19
1689,0.37968984492246083,1.0905669431671275e-19
1690,0.38169084542271126,1.51327818098486e-20
1691,0.38369184592296124,1.8653184826619777e-21
1692,0.3856928464232112,2.0055119648563678e-22
1693,0.38769384692346165,1.8452400653993039e-23
1694,0.38969484742371163,1.430466172791137e-24
1695,0.3916958479239616,9.260870631380116e-26
1696,0.39369684842421204,4.999262918736996e-27
1697,0.395697848924462,2.2599631258198456e-28
1698,0.397698849424712,8.627044085123364e-30
1699,0.39969984992496244,2.814329841066533e-31
1700,0.4017008504252124,7.975900781711684e-33
1701,0.4037018509254624,2.0073990764289306e-34
1702,0.40570285142571283,4.613304909533686e-36
1703,0.4077038519259628,9.998602585134549e-38
1704,0.4097048524262128,2.110054397004072e-39
1705,0.4117058529264628,4.431360295899497e-41
1706,0.4137068534267132,9.282477124507436e-43
1707,0.4157078539269632,1.9042895439963092e-44
1708,0.41770885442721317,3.6954984654839884e-46
1709,0.4197098549274636,6.473378286390864e-48
1710,0.4217108554277136,9.711993729627078e-50
1711,0.42371185592796357,1.1876669962565903e-51
1712,0.425712856428214,1.1370810727110005e-53
1713,0.427713856928464,8.28003712453087e-56
1714,0.42971485742871396,4.502737440753047e-58
1715,0.4317158579289644,1.8115824663313496e-60
1716,0.43371685842921437,5.381169174869226e-63
1717,0.43571785892946435,1.1852090139386107e-65
1718,0.4377188594297148,1.9568950112838708e-68
1719,0.43971985992996476,2.4707868485202733e-71
1720,0.44172086043021475,2.4669595159288366e-74
1721,0.4437218609304652,2.048675035682355e-77
1722,0.44572286143071516,1.495776855646007e-80
1723,0.44772386193096514,9.844863288496087e-84
1724,0.44972486243121557,5.686293334030892e-87
1725,0.45172586293146555,2.7390345171138605e-90
1726,0.45372686343171553,1.0606807428113332e-93
1727,0.4557278639319655,3.2779983980836834e-97
1728,0.45772886443221594,8.26281370699801e-101
1729,0.4597298649324659,1.767534424089822e-104
1730,0.4617308654327159,3.3069295275012805e-108
1731,0.46373186593296634,5.38298968263434e-112
1732,0.4657328664332163,7.361411997235473e-116
1733,0.4677338669334663,8.115923594959634e-120
1734,0.46973486743371673,6.963713799563923e-124
1735,0.4717358679339667,4.519057449389541e-128
1736,0.4737368684342167,2.1670507468097065e-132
1737,0.4757378689344671,7.53705785589471e-137
1738,0.4777388694347171,1.8725199506547738e-141
1739,0.4797398699349671,3.2781309457427366e-146
1740,0.4817408704352175,3.988049977348421e-151
1741,0.4837418709354675,3.3194903918526504e-156
1742,0.4857428714357175,1.8573663224546398e-161
1743,0.4877438719359679,6.853420670237709e-167
1744,0.4897448724362179,1.635369767052563e-172
1745,0.4917458729364679,2.477262502105306e-178
1746,0.4937468734367183,2.3431755490761235e-184
1747,0.4957478739369683,1.3645249825616295e-190
1748,0.49774887443721827,4.8329392291925246e-197
1749,0.4997498749374687,1.0293227158149345e-203
1750,0.5017508754377187,1.3026232016574665e-210
1751,0.5037518759379687,9.665045326060577e-218
1752,0.5057528764382186,4.1428096904622715e-225
1753,0.5077538769384691,1.010331094979554e-232
1754,0.5097548774387191,1.3815663033800967e-240
1755,0.511755877938969,1.0455921369167953e-248
1756,0.5137568784392195,4.331545853161509e-257
1757,0.5157578789394694,9.733951730409967e-266
1758,0.5177588794397194,1.1780048911365676e-274
1759,0.5197598799399699,7.633105392660965e-284
1760,0.5217608804402198,2.6360737659366444e-293
1761,0.5237618809404698,4.8350074881783665e-303
1762,0.5257628814407203,4.7009314236e-313
1763,0.5277638819409702,2.5e-323
1764,0.5297648824412202,0.0
1765,0.5317658829414706,0.0
1766,0.5337668834417206,0.0
1767,0.5357678839419706,0.0
1768,0.537768884442221,0.0
1769,0.539769884942471,0.0
1770,0.541770885442721,0.0
1771,0.5437718859429714,0.0
1772,0.5457728864432214,0.0
1773,0.5477738869434714,0.0
1774,0.5497748874437218,0.0
1775,0.5517758879439718,0.0
1776,0.5537768884442218,0.0
1777,0.5557778889444718,0.0
1778,0.5577788894447222,0.0
1779,0.5597798899449722,0.0
1780,0.5617808904452222,0.0
1781,0.5637818909454726,0.0
1782,0.5657828914457226,0.0
1783,0.5677838919459726,0.0
1784,0.569784892446223,0.0
1785,0.571785892946473,0.0
1786,0.573786893446723,0.0
1787,0.5757878939469734,0.0
1788,0.5777888944472234,0.0
1789,0.5797898949474733,0.0
1790,0.5817908954477238,0.0
1791,0.5837918959479738,0.0
1792,0.5857928964482237,0.0
1793,0.5877938969484742,0.0
1794,0.5897948974487242,0.0
1795,0.5917958979489741,0.0
1796,0.5937968984492246,0.0
1797,0.5957978989494745,0.0
1798,0.5977988994497245,0.0
1799,0.5997998999499745,0.0
1800,0.6018009004502249,0.0
1801,0.6038019009504749,0.0
1802,0.6058029014507249,0.0
1803,0.6078039019509753,0.0
1804,0.6098049024512253,0.0
1805,0.6118059029514753,0.0
1806,0.6138069034517257,0.0
1807,0.6158079039519757,0.0
1808,0.6178089044522257,0.0
1809,0.6198099049524761,0.0
1810,0.6218109054527261,0.0
1811,0.6238119059529761,0.0
1812,0.6258129064532265,0.0
1813,0.6278139069534765,0.0
1814,0.6298149074537265,0.0
1815,0.6318159079539769,0.0
1816,0.6338169084542269,0.0
1817,0.6358179089544769,0.0
1818,0.6378189094547273,0.0
1819,0.6398199099549773,0.0
1820,0.6418209104552273,0.0
1821,0.6438219109554777,0.0
1822,0.6458229114557277,0.0
1823,0.6478239119559777,0.0
1824,0.6498249124562276,0.0
1825,0.6518259129564781,0.0
1826,0.653826913456728,0.0
1827,0.655827913956978,0.0
1828,0.6578289144572285,0.0
1829,0.6598299149574784,0.0
1830,0.6618309154577284,0.0
1831,0.6638319159579789,0.0
1832,0.6658329164582288,0.0
1833,0.6678339169584788,0.0
1834,0.6698349174587293,0.0
1835,0.6718359179589792,0.0
1836,0.6738369184592292,0.0
1837,0.6758379189594796,0.0
1838,0.6778389194597296,0.0
1839,0.6798399199599796,0.0
1840,0.68184092046023,0.0
1841,0.68384192096048,0.0
1842,0.68584292146073,0.0
1843,0.6878439219609804,0.0
1844,0.6898449224612304,0.0
1845,0.6918459229614804,0.0
1846,0.6938469234617304,0.0
1847,0.6958479239619808,0.0
1848,0.6978489244622308,0.0
1849,0.6998499249624808,0.0
1850,0.7018509254627312,0.0
1851,0.7038519259629812,0.0
1852,0.7058529264632312,0.0
1853,0.7078539269634816,0.0
1854,0.7098549274637316,0.0
1855,0.7118559279639816,0.0
1856,0.713856928464232,0.0
1857,0.715857928964482,0.0
1858,0.717858929464732,0.0
1859,0.7198599299649824,0.0
1860,0.7218609304652324,0.0
1861,0.7238619309654823,0.0
1862,0.7258629314657328,0.0
1863,0.7278639319659828,0.0
1864,0.7298649324662327,0.0
1865,0.7318659329664832,0.0
1866,0.7338669334667332,0.0
1867,0.7358679339669831,0.0
1868,0.7378689344672336,0.0
1869,0.7398699349674835,0.0
1870,0.7418709354677335,0.0
1871,0.7438719359679835,0.0
1872,0.7458729364682339,0.0
1873,0.7478739369684839,0.0
1874,0.7498749374687339,0.0
1875,0.7518759379689843,0.0
1876,0.7538769384692343,0.0
1877,0.7558779389694843,0.0
1878,0.7578789394697347,0.0
1879,0.7598799399699847,0.0
1880,0.7618809404702347,0.0
1881,0.7638819409704851,0.0
1882,0.7658829414707351,0.0
1883,0.7678839419709851,0.0
1884,0.7698849424712355,0.0
1885,0.7718859429714855,0.0
1886,0.7738869434717355,0.0
1887,0.7758879439719859,0.0
1888,0.7778889444722359,0.0
1889,0.7798899449724859,0.0
1890,0.7818909454727363,0.0
1891,0.7838919459729863,0.0
1892,0.7858929464732363,0.0
1893,0.7878939469734867,0.0
1894,0.7898949474737367,0.0
1895,0.7918959479739867,0.0
1896,0.7938969484742366,0.0
1897,0.7958979489744871,0.0
1898,0.797898949474737,0.0
1899,0.799899949974987,0.0
1900,0.8019009504752375,0.0
1901,0.8039019509754874,0.0
1902,0.8059029514757374,0.0
1903,0.8079039519759879,0.0
1904,0.8099049524762378,0.0
1905,0.8119059529764878,0.0
1906,0.8139069534767382,0.0
1907,0.8159079539769882,0.0
1908,0.8179089544772382,0.0
1909,0.8199099549774886,0.0
1910,0.8219109554777386,0.0
1911,0.8239119559779886,0.0
1912,0.825912956478239,0.0
1913,0.827913956978489,0.0
1914,0.829914957478739,0.0
1915,0.8319159579789894,0.0
1916,0.8339169584792394,0.0
1917,0.8359179589794894,0.0
1918,0.8379189594797394,0.0
1919,0.8399199599799898,0.0
1920,0.8419209604802398,0.0
1921,0.8439219609804898,0.0
1922,0.8459229614807402,0.0
1923,0.8479239619809902,0.0
1924,0.8499249624812402,0.0
1925,0.8519259629814906,0.0
1926,0.8539269634817406,0.0
1927,0.8559279639819906,0.0
1928,0.857928964482241,0.0
1929,0.859929964982491,0.0
1930,0.861930965482741,0.0
1931,0.8639319659829914,0.0
1932,0.8659329664832414,0.0
1933,0.8679339669834913,0.0
1934,0.8699349674837418,0.0
1935,0.8719359679839918,0.0
1936,0.8739369684842417,0.0
1937,0.8759379689844922,0.0
1938,0.8779389694847421,0.0
1939,0.8799399699849921,0.0
1940,0.8819409704852426,0.0
1941,0.8839419709854925,0.0
1942,0.8859429714857425,0.0
1943,0.8879439719859925,0.0
1944,0.8899449724862429,0.0
1945,0.8919459729864929,0.0
1946,0.8939469734867429,0.0
1947,0.8959479739869933,0.0
1948,0.8979489744872433,0.0
1949,0.8999499749874933,0.0
1950,0.9019509754877437,0.0
1951,0.9039519759879937,0.0
1952,0.9059529764882437,0.0
1953,0.9079539769884941,0.0
1954,0.9099549774887441,0.0
1955,0.9119559779889941,0.0
1956,0.9139569784892445,0.0
1957,0.9159579789894945,0.0
1958,0.9179589794897445,0.0
1959,0.9199599799899949,0.0
1960,0.9219609804902449,0.0
1961,0.9239619809904949,0.0
1962,0.9259629814907453,0.0
1963,0.9279639819909953,0.0
1964,0.9299649824912453,0.0
1965,0.9319659829914952,0.0
1966,0.9339669834917457,0.0
1967,0.9359679839919957,0.0
1968,0.9379689844922456,0.0
1969,0.9399699849924961,0.0
1970,0.941970985492746,0.0
1971,0.943971985992996,0.0
1972,0.9459729864932465,0.0
1973,0.9479739869934964,0.0
1974,0.9499749874937464,0.0
1975,0.9519759879939969,0.0
1976,0.9539769884942468,0.0
1977,0.9559779889944968,0.0
1978,0.9579789894947472,0.0
1979,0.9599799899949972,0.0
1980,0.9619809904952472,0.0
1981,0.9639819909954976,0.0
1982,0.9659829914957476,0.0
1983,0.9679839919959976,0.0
1984,0.969984992496248,0.0
1985,0.971985992996498,0.0
1986,0.973986993496748,0.0
1987,0.9759879939969984,0.0
1988,0.9779889944972484,0.0
1989,0.9799899949974984,0.0
1990,0.9819909954977484,0.0
1991,0.9839919959979988,0.0
1992,0.9859929964982488,0.0
1993,0.9879939969984988,0.0
1994,0.9899949974987492,0.0
1995,0.9919959979989992,0.0
1996,0.9939969984992492,0.0
1997,0.9959979989994996,0.0
1998,0.9979989994997496,0.0
1999,1.0,0.0
